,company name,link,position,location,deadline,condition,salary
0,베스핀글로벌(주),/zf_user/jobs/relay/view?view_type=search&rec_idx=40426179&location=ts&searchword=AZURE&searchType=search&paid_fl=n,정규직,서울 서초구,~ 08/07(토),경력3년↑ 학력무관,
1,씨앤토트㈜,/zf_user/jobs/relay/view?view_type=search&rec_idx=40446985&location=ts&searchword=AZURE&searchType=search&paid_fl=n,정규직,서울 서초구,~ 08/09(월),경력무관 학력무관,
2,유호스트,/zf_user/jobs/relay/view?view_type=search&rec_idx=40423750&location=ts&searchword=AZURE&searchType=search&paid_fl=n,정규직,서울 서초구,~ 06/30(수),경력무관 학력무관,
3,(주)에이플넷,/zf_user/jobs/relay/view?view_type=search&rec_idx=40368521&location=ts&searchword=AZURE&searchType=search&paid_fl=n,정규직,서울 강남구,채용시,경력무관 학력무관,
4,오엠티아이코리아(주),/zf_user/jobs/relay/view?view_type=search&rec_idx=40482665&location=ts&searchword=AZURE&searchType=search&paid_fl=n,정규직,서울 서초구,~ 06/27(일),경력무관 대졸↑,"3,400~3,600"
5,헤리티지서치코어,/zf_user/jobs/relay/view?view_type=search&rec_idx=40511910&location=ts&searchword=AZURE&searchType=search&paid_fl=n,정규직,서울 용산구,~ 07/09(금),경력7년↑ 대졸↑,
6,콘텐츠웨이브(주),/zf_user/jobs/relay/view?view_type=search&rec_idx=40475424&location=ts&searchword=AZURE&searchType=search&paid_fl=n,정규직·계약직,서울 영등포구,~ 06/23(수),신입·경력 대졸↑,
7,엘에스아이티씨(주),/zf_user/jobs/relay/view?view_type=search&rec_idx=40492343&location=ts&searchword=AZURE&searchType=search&paid_fl=n,정규직,서울 용산구,~ 06/30(수),신입·경력 학력무관,
8,(주)코오롱,/zf_user/jobs/relay/view?view_type=search&rec_idx=40481198&location=ts&searchword=AZURE&searchType=search&paid_fl=n,정규직,서울 강서구,~ 06/30(수),신입·경력 학력무관,
9,(주)리치빔,/zf_user/jobs/relay/view?view_type=search&rec_idx=40381772&location=ts&searchword=AZURE&searchType=search&paid_fl=n,정규직·계약직,서울 송파구,~ 06/30(수),신입·경력 학력무관,
10,(주)케이아이엔엑스,/zf_user/jobs/relay/view?view_type=search&rec_idx=40397353&location=ts&searchword=AZURE&searchType=search&paid_fl=n,정규직,서울 강남구,내일마감,신입·경력 대졸↑,
11,(주)에프앤가이드,/zf_user/jobs/relay/view?view_type=search&rec_idx=40507715&location=ts&searchword=AZURE&searchType=search&paid_fl=n,정규직,서울 강서구,~ 06/30(수),경력 3~10년 대졸↑,
12,(주)휴넷,/zf_user/jobs/relay/view?view_type=search&rec_idx=39955303&location=ts&searchword=AZURE&searchType=search&paid_fl=n,정규직,서울 구로구,상시채용,경력 2~10년 학력무관,
13,(주)인터파크,/zf_user/jobs/relay/view?view_type=search&rec_idx=40221067&location=ts&searchword=AZURE&searchType=search&paid_fl=n,정규직,서울 강남구,상시채용,경력 2~9년 학력무관,
14,(주)위메이드,/zf_user/jobs/relay/view?view_type=search&rec_idx=40282910&location=ts&searchword=AZURE&searchType=search&paid_fl=n,정규직,경기 성남시 분당구,상시채용,경력 2~6년 학력무관,
15,(주)위메이드,/zf_user/jobs/relay/view?view_type=search&rec_idx=40282923&location=ts&searchword=AZURE&searchType=search&paid_fl=n,정규직,경기 성남시 분당구,상시채용,경력 2~6년 학력무관,
16,(주)위메이드,/zf_user/jobs/relay/view?view_type=search&rec_idx=40359447&location=ts&searchword=AZURE&searchType=search&paid_fl=n,정규직,경기 성남시 분당구,상시채용,경력 2~8년 학력무관,
17,(주)위메이드,/zf_user/jobs/relay/view?view_type=search&rec_idx=40374123&location=ts&searchword=AZURE&searchType=search&paid_fl=n,정규직,경기 성남시 분당구,상시채용,경력 5~10년 학력무관,
18,(주)삼천리네트웍스,/zf_user/jobs/relay/view?view_type=search&rec_idx=40486910&location=ts&searchword=AZURE&searchType=search&paid_fl=n,정규직,서울 강서구,~ 07/14(수),신입·경력 학력무관,
19,(주)이글루시큐리티,/zf_user/jobs/relay/view?view_type=search&rec_idx=40277532&location=ts&searchword=AZURE&searchType=search&paid_fl=n,정규직,서울 송파구,~ 06/30(수),경력 3~16년 초대졸↑,
20,(주)테르텐,/zf_user/jobs/relay/view?view_type=search&rec_idx=39935283&location=ts&searchword=AZURE&searchType=search&paid_fl=n,정규직,서울 구로구,상시채용,경력 3~10년 학력무관,
21,(주)모니터랩,/zf_user/jobs/relay/view?view_type=search&rec_idx=40277360&location=ts&searchword=AZURE&searchType=search&paid_fl=n,정규직,서울 구로구,상시채용,신입·경력 학력무관,
22,(주)모니터랩,/zf_user/jobs/relay/view?view_type=search&rec_idx=40256210&location=ts&searchword=AZURE&searchType=search&paid_fl=n,정규직,서울 구로구,상시채용,경력 3~7년 학력무관,
23,(주)소프트넷,/zf_user/jobs/relay/view?view_type=search&rec_idx=40494788&location=ts&searchword=AZURE&searchType=search&paid_fl=n,정규직,서울 강남구,~ 07/16(금),신입·경력 초대졸↑,
24,(주)소프트넷,/zf_user/jobs/relay/view?view_type=search&rec_idx=40494826&location=ts&searchword=AZURE&searchType=search&paid_fl=n,정규직,서울 강남구,~ 07/16(금),경력 2~15년 초대졸↑,
25,(주)소프트넷,/zf_user/jobs/relay/view?view_type=search&rec_idx=40494808&location=ts&searchword=AZURE&searchType=search&paid_fl=n,정규직,서울 강남구,~ 07/16(금),경력 2~15년 초대졸↑,
26,(주)소프트넷,/zf_user/jobs/relay/view?view_type=search&rec_idx=40494846&location=ts&searchword=AZURE&searchType=search&paid_fl=n,정규직,서울 강남구,~ 07/16(금),경력 2~15년 초대졸↑,
27,(주)인텔리안시스템즈,/zf_user/jobs/relay/view?view_type=search&rec_idx=40144973&location=ts&searchword=AZURE&searchType=search&paid_fl=n,정규직,서울 강남구,상시채용,경력 3~10년 학력무관,
28,(주)아이티위너,/zf_user/jobs/relay/view?view_type=search&rec_idx=39932955&location=ts&searchword=AZURE&searchType=search&paid_fl=n,정규직,서울 강남구,상시채용,경력 3~15년 대졸↑,
29,(주)포지큐브,/zf_user/jobs/relay/view?view_type=search&rec_idx=40382354&location=ts&searchword=AZURE&searchType=search&paid_fl=n,정규직,서울 강남구,상시채용,경력 5~10년 학력무관,
30,(주)피처링,/zf_user/jobs/relay/view?view_type=search&rec_idx=40483185&location=ts&searchword=AZURE&searchType=search&paid_fl=n,정규직,서울 금천구,상시채용,경력 2~10년 학력무관,
31,(주)엑심베이,/zf_user/jobs/relay/view?view_type=search&rec_idx=40416741&location=ts&searchword=AZURE&searchType=search&paid_fl=n,정규직,서울 구로구,~ 07/06(화),경력 3~8년 초대졸↑,
32,(주)미디움,/zf_user/jobs/relay/view?view_type=search&rec_idx=40130811&location=ts&searchword=AZURE&searchType=search&paid_fl=n,정규직,서울 강남구,~ 06/30(수),경력 1~7년 학력무관,
33,(주)미디움,/zf_user/jobs/relay/view?view_type=search&rec_idx=40130931&location=ts&searchword=AZURE&searchType=search&paid_fl=n,정규직,서울 강남구,~ 06/30(수),경력 2~10년 학력무관,
34,(주)인플루엔셜,/zf_user/jobs/relay/view?view_type=search&rec_idx=39928992&location=ts&searchword=AZURE&searchType=search&paid_fl=n,정규직,서울 강남구,상시채용,경력 5~10년 대졸↑,
35,한국후지쯔(주),/zf_user/jobs/relay/view?view_type=search&rec_idx=40385355&location=ts&searchword=AZURE&searchType=search&paid_fl=n,정규직·계약직,서울 종로구,상시채용,경력 대졸↑,
36,(주)트리니들,/zf_user/jobs/relay/view?view_type=search&rec_idx=40485046&location=ts&searchword=AZURE&searchType=search&paid_fl=n,정규직,서울 서초구,상시채용,신입·경력 대졸↑,
37,(주)세나클소프트,/zf_user/jobs/relay/view?view_type=search&rec_idx=39739837&location=ts&searchword=AZURE&searchType=search&paid_fl=n,정규직,서울 강남구,상시채용,경력 5~12년 초대졸↑,
38,(주)세나클소프트,/zf_user/jobs/relay/view?view_type=search&rec_idx=39739876&location=ts&searchword=AZURE&searchType=search&paid_fl=n,정규직,서울 강남구,상시채용,경력 3~12년 초대졸↑,
39,(주)에이모,/zf_user/jobs/relay/view?view_type=search&rec_idx=39928835&location=ts&searchword=AZURE&searchType=search&paid_fl=n,정규직,경기전체,~ 08/31(화),경력 2~3년 학력무관,
40,(주)세나클소프트,/zf_user/jobs/relay/view?view_type=search&rec_idx=39739746&location=ts&searchword=AZURE&searchType=search&paid_fl=n,정규직,서울 강남구,상시채용,경력 3~12년 초대졸↑,
41,(주)세나클소프트,/zf_user/jobs/relay/view?view_type=search&rec_idx=39739665&location=ts&searchword=AZURE&searchType=search&paid_fl=n,정규직,서울 강남구,상시채용,경력 5~12년 초대졸↑,
42,(주)트리니들,/zf_user/jobs/relay/view?view_type=search&rec_idx=40476761&location=ts&searchword=AZURE&searchType=search&paid_fl=n,정규직,서울 서초구,상시채용,경력 2~5년 대졸↑,
43,메이븐클라우드서비스(주),/zf_user/jobs/relay/view?view_type=search&rec_idx=40314940&location=ts&searchword=AZURE&searchType=search&paid_fl=n,정규직,서울 강남구,상시채용,경력 1~20년 학력무관,
44,메이븐클라우드서비스(주),/zf_user/jobs/relay/view?view_type=search&rec_idx=40319842&location=ts&searchword=AZURE&searchType=search&paid_fl=n,정규직,서울 강남구,상시채용,경력 1~20년 학력무관,
45,(주)중고나라,/zf_user/jobs/relay/view?view_type=search&rec_idx=40247931&location=ts&searchword=AZURE&searchType=search&paid_fl=n,정규직,서울 서초구,상시채용,경력 3~10년 학력무관,
46,필로우스튜디오,/zf_user/jobs/relay/view?view_type=search&rec_idx=39733670&location=ts&searchword=AZURE&searchType=search&paid_fl=n,정규직,대구 수성구,상시채용,경력 3~10년 학력무관,
47,(주)오피지지,/zf_user/jobs/relay/view?view_type=search&rec_idx=40277645&location=ts&searchword=AZURE&searchType=search&paid_fl=n,정규직,서울 강남구,상시채용,경력 5~10년 학력무관,
48,(주)오피지지,/zf_user/jobs/relay/view?view_type=search&rec_idx=40277639&location=ts&searchword=AZURE&searchType=search&paid_fl=n,정규직,서울 강남구,상시채용,경력 5~10년 학력무관,
49,(주)어반베이스,/zf_user/jobs/relay/view?view_type=search&rec_idx=40438797&location=ts&searchword=AZURE&searchType=search&paid_fl=n,정규직,서울 서초구,상시채용,경력 2~15년 대졸↑,
50,(주)어반베이스,/zf_user/jobs/relay/view?view_type=search&rec_idx=40438345&location=ts&searchword=AZURE&searchType=search&paid_fl=n,정규직,서울 서초구,상시채용,경력 10~15년 대졸↑,
51,(주)오렌지씨큐리티,/zf_user/jobs/relay/view?view_type=search&rec_idx=39708553&location=ts&searchword=AZURE&searchType=search&paid_fl=n,정규직,서울 강남구,상시채용,경력 1~3년 학력무관,
52,(주)클래스101,/zf_user/jobs/relay/view?view_type=search&rec_idx=40202833&location=ts&searchword=AZURE&searchType=search&paid_fl=n,정규직,서울 중구,상시채용,경력 2~10년 학력무관,
53,(주)클래스101,/zf_user/jobs/relay/view?view_type=search&rec_idx=40202797&location=ts&searchword=AZURE&searchType=search&paid_fl=n,정규직,서울 중구,상시채용,경력 5~15년 학력무관,
54,(주)골든플래닛,/zf_user/jobs/relay/view?view_type=search&rec_idx=40373990&location=ts&searchword=AZURE&searchType=search&paid_fl=n,정규직,서울 강남구,상시채용,경력 3~6년 학력무관,
55,(주)골든플래닛,/zf_user/jobs/relay/view?view_type=search&rec_idx=40373698&location=ts&searchword=AZURE&searchType=search&paid_fl=n,정규직,서울 강남구,상시채용,경력 3~6년 학력무관,
56,메가존클라우드(주),/zf_user/jobs/relay/view?view_type=search&rec_idx=39673723&location=ts&searchword=AZURE&searchType=search&paid_fl=n,정규직,서울 강남구,~ 06/30(수),경력무관 학력무관,
57,(주)이마트,/zf_user/jobs/relay/view?view_type=search&rec_idx=40509863&location=ts&searchword=AZURE&searchType=search&paid_fl=n,정규직,서울 성동구,~ 06/28(월),경력 대졸↑,
58,(주)제이브이엠,/zf_user/jobs/relay/view?view_type=search&rec_idx=40363626&location=ts&searchword=AZURE&searchType=search&paid_fl=n,정규직,대구 달서구,~ 06/30(수),신입·경력 학력무관,
59,현대오토에버(주),/zf_user/jobs/relay/view?view_type=search&rec_idx=40365094&location=ts&searchword=AZURE&searchType=search&paid_fl=n,정규직,서울 강남구,상시채용,경력3년↑ 학력무관,
60,(주)웹젠,/zf_user/jobs/relay/view?view_type=search&rec_idx=40044127&location=ts&searchword=AZURE&searchType=search&paid_fl=n,정규직,경기 성남시 분당구,~ 06/30(수),신입·경력 학력무관,
61,메가존(주),/zf_user/jobs/relay/view?view_type=search&rec_idx=38796235&location=ts&searchword=AZURE&searchType=search&paid_fl=n,정규직·계약직,서울 강남구,~ 06/30(수),신입·경력 학력무관,
62,(주)현대아이티앤이,/zf_user/jobs/relay/view?view_type=search&rec_idx=40389836&location=ts&searchword=AZURE&searchType=search&paid_fl=n,정규직,서울 강남구,상시채용,경력무관 대졸↑,
63,(주)푸드테크,/zf_user/jobs/relay/view?view_type=search&rec_idx=40069730&location=ts&searchword=AZURE&searchType=search&paid_fl=n,정규직·계약직,서울 강남구,오늘마감,경력 학력무관,
64,메가존클라우드(주),/zf_user/jobs/relay/view?view_type=search&rec_idx=39674375&location=ts&searchword=AZURE&searchType=search&paid_fl=n,정규직,서울 강남구,~ 06/30(수),경력무관 학력무관,
65,클라우드그램(주),/zf_user/jobs/relay/view?view_type=search&rec_idx=38794871&location=ts&searchword=AZURE&searchType=search&paid_fl=n,정규직,서울 강남구,~ 06/30(수),경력무관 학력무관,
66,(주)골든플래닛,/zf_user/jobs/relay/view?view_type=search&rec_idx=40378779&location=ts&searchword=AZURE&searchType=search&paid_fl=n,정규직,서울 강남구,~ 06/30(수),경력 3~8년 학력무관,
67,베스핀글로벌(주),/zf_user/jobs/relay/view?view_type=search&rec_idx=40417912&location=ts&searchword=AZURE&searchType=search&paid_fl=n,정규직,서울 서초구,~ 08/06(금),경력 5~15년 대졸↑,
68,베스핀글로벌(주),/zf_user/jobs/relay/view?view_type=search&rec_idx=40418013&location=ts&searchword=AZURE&searchType=search&paid_fl=n,정규직,서울 서초구,~ 08/06(금),경력 5~10년 대졸↑,
69,(주)스파이스웨어,/zf_user/jobs/relay/view?view_type=search&rec_idx=40116106&location=ts&searchword=AZURE&searchType=search&paid_fl=n,정규직,서울 영등포구,상시채용,경력무관 학력무관,
70,메가존클라우드(주),/zf_user/jobs/relay/view?view_type=search&rec_idx=39674604&location=ts&searchword=AZURE&searchType=search&paid_fl=n,정규직,서울 강남구,~ 06/30(수),경력무관 학력무관,
71,메가존클라우드(주),/zf_user/jobs/relay/view?view_type=search&rec_idx=38787170&location=ts&searchword=AZURE&searchType=search&paid_fl=n,정규직,서울 강남구,~ 06/30(수),경력무관 학력무관,
72,메가존클라우드(주),/zf_user/jobs/relay/view?view_type=search&rec_idx=39673459&location=ts&searchword=AZURE&searchType=search&paid_fl=n,정규직,서울 강남구,~ 06/30(수),경력무관 학력무관,
73,티오케이첨단재료,/zf_user/jobs/relay/view?view_type=search&rec_idx=40254985&location=ts&searchword=AZURE&searchType=search&paid_fl=n,정규직,인천 연수구,~ 06/30(수),경력 3~5년 초대졸↑,
74,현대오토에버(주),/zf_user/jobs/relay/view?view_type=search&rec_idx=40118245&location=ts&searchword=AZURE&searchType=search&paid_fl=n,정규직,서울 강남구,상시채용,경력 3~20년 학력무관,
75,(주)유호스트,/zf_user/jobs/relay/view?view_type=search&rec_idx=40310436&location=ts&searchword=AZURE&searchType=search&paid_fl=n,정규직,서울 마포구,~ 06/25(금),경력무관 고졸↑,"5,000~6,000"
76,테슬라코리아(유),/zf_user/jobs/relay/view?view_type=search&rec_idx=40508548&location=ts&searchword=AZURE&searchType=search&paid_fl=n,정규직,서울 강남구,~ 08/17(화),경력3년↑ 학력무관,
77,(주)소프트넷,/zf_user/jobs/relay/view?view_type=search&rec_idx=40488026&location=ts&searchword=AZURE&searchType=search&paid_fl=n,정규직,서울 강남구,~ 06/23(수),신입·경력 초대졸↑,
78,베스핀글로벌(주),/zf_user/jobs/relay/view?view_type=search&rec_idx=40122613&location=ts&searchword=AZURE&searchType=search&paid_fl=n,정규직,서울 서초구,채용시,경력3년↑ 학력무관,
79,베스핀글로벌(주),/zf_user/jobs/relay/view?view_type=search&rec_idx=40420542&location=ts&searchword=AZURE&searchType=search&paid_fl=n,정규직,서울 서초구,~ 07/31(토),경력3년↑ 학력무관,
80,베스핀글로벌(주),/zf_user/jobs/relay/view?view_type=search&rec_idx=40439415&location=ts&searchword=AZURE&searchType=search&paid_fl=n,정규직,서울 서초구,~ 08/08(일),경력 5~10년 대졸↑,
81,씨앤토트㈜,/zf_user/jobs/relay/view?view_type=search&rec_idx=40446958&location=ts&searchword=AZURE&searchType=search&paid_fl=n,정규직,서울 서초구,~ 08/09(월),경력무관 학력무관,
82,씨앤토트㈜,/zf_user/jobs/relay/view?view_type=search&rec_idx=40446980&location=ts&searchword=AZURE&searchType=search&paid_fl=n,정규직,서울 서초구,~ 08/09(월),경력무관 학력무관,
83,베스핀글로벌(주),/zf_user/jobs/relay/view?view_type=search&rec_idx=40454525&location=ts&searchword=AZURE&searchType=search&paid_fl=n,정규직,서울 서초구,~ 07/31(토),경력3년↑ 학력무관,
84,어니컴(주),/zf_user/jobs/relay/view?view_type=search&rec_idx=40290575&location=ts&searchword=AZURE&searchType=search&paid_fl=n,정규직,서울 용산구,오늘마감,경력 5~10년 학력무관,
85,(주)곰앤컴퍼니,/zf_user/jobs/relay/view?view_type=search&rec_idx=40329190&location=ts&searchword=AZURE&searchType=search&paid_fl=n,정규직,서울 강남구,~ 06/25(금),경력2년↑ 학력무관,
86,(주)아이오티플렉스,/zf_user/jobs/relay/view?view_type=search&rec_idx=40398498&location=ts&searchword=AZURE&searchType=search&paid_fl=n,정규직,부산 해운대구,~ 08/03(화),경력5년↑ 대졸↑,
87,(주)레인보우브레인,/zf_user/jobs/relay/view?view_type=search&rec_idx=40413264&location=ts&searchword=AZURE&searchType=search&paid_fl=n,정규직,서울 영등포구,~ 07/31(토),경력 3~15년 학력무관,
88,(주)에이아이스페라,/zf_user/jobs/relay/view?view_type=search&rec_idx=40120005&location=ts&searchword=AZURE&searchType=search&paid_fl=n,정규직,서울 성동구,채용시,경력 1~5년 학력무관,
89,(주)무스마,/zf_user/jobs/relay/view?view_type=search&rec_idx=40278620&location=ts&searchword=AZURE&searchType=search&paid_fl=n,정규직,서울 강남구,채용시,경력 1~5년 대졸↑,
90,(주)에이아이스페라,/zf_user/jobs/relay/view?view_type=search&rec_idx=40119884&location=ts&searchword=AZURE&searchType=search&paid_fl=n,정규직·전문연구요원,서울 성동구,~ 06/26(토),경력 1~5년 학력무관,
91,(주)무스마,/zf_user/jobs/relay/view?view_type=search&rec_idx=40393093&location=ts&searchword=AZURE&searchType=search&paid_fl=n,정규직,부산 해운대구,채용시,경력 1~5년 대졸↑,
92,(주)머니브레인,/zf_user/jobs/relay/view?view_type=search&rec_idx=40403086&location=ts&searchword=AZURE&searchType=search&paid_fl=n,정규직,서울 강남구,~ 08/03(화),경력5년↑ 학력무관,
93,에스피테크놀러지(주),/zf_user/jobs/relay/view?view_type=search&rec_idx=40450669&location=ts&searchword=AZURE&searchType=search&paid_fl=n,정규직,서울 서초구,~ 06/24(목),신입·경력 초대졸↑,
94,에스피테크놀러지(주),/zf_user/jobs/relay/view?view_type=search&rec_idx=40450831&location=ts&searchword=AZURE&searchType=search&paid_fl=n,정규직,서울 서초구,~ 06/24(목),경력5년↑ 대졸↑,
95,(주)포티투마루,/zf_user/jobs/relay/view?view_type=search&rec_idx=40429776&location=ts&searchword=AZURE&searchType=search&paid_fl=n,정규직,서울 서초구,~ 08/07(토),경력무관 학력무관,
96,(주)마티아솔루션,/zf_user/jobs/relay/view?view_type=search&rec_idx=40109058&location=ts&searchword=AZURE&searchType=search&paid_fl=n,정규직·계약직,서울 영등포구,상시채용,경력1년↑ 학력무관,
97,(주)마티아솔루션,/zf_user/jobs/relay/view?view_type=search&rec_idx=40109026&location=ts&searchword=AZURE&searchType=search&paid_fl=n,정규직·계약직,서울 영등포구,상시채용,경력3년↑ 초대졸↑,
98,(주)허닭,/zf_user/jobs/relay/view?view_type=search&rec_idx=40355741&location=ts&searchword=AZURE&searchType=search&paid_fl=n,정규직,서울 강남구,~ 07/01(목),경력1년↑ 초대졸↑,
99,컴즈(주),/zf_user/jobs/relay/view?view_type=search&rec_idx=40378967&location=ts&searchword=AZURE&searchType=search&paid_fl=n,정규직·프리랜서,서울 구로구,~ 08/01(일),경력무관 초대졸↑,
100,(주)포티투마루,/zf_user/jobs/relay/view?view_type=search&rec_idx=40429927&location=ts&searchword=AZURE&searchType=search&paid_fl=n,정규직·계약직,서울 서초구,~ 08/07(토),경력무관 학력무관,
101,컴즈(주),/zf_user/jobs/relay/view?view_type=search&rec_idx=40439749&location=ts&searchword=AZURE&searchType=search&paid_fl=n,정규직·프리랜서,서울 구로구,~ 08/08(일),경력무관 초대졸↑,
102,넷마블(주),/zf_user/jobs/relay/view?view_type=search&rec_idx=40296154&location=ts&searchword=AZURE&searchType=search&paid_fl=n,정규직,서울 구로구,채용시,경력 3~7년 대졸↑,
103,(주)클라우드네트웍스,/zf_user/jobs/relay/view?view_type=search&rec_idx=40402341&location=ts&searchword=AZURE&searchType=search&paid_fl=n,정규직,서울 강남구,~ 07/31(토),신입 초대졸↑,
104,(주)클라우드네트웍스,/zf_user/jobs/relay/view?view_type=search&rec_idx=40402321&location=ts&searchword=AZURE&searchType=search&paid_fl=n,정규직,서울 강남구,~ 07/31(토),경력3년↑ 초대졸↑,
105,(주)씨와이,/zf_user/jobs/relay/view?view_type=search&rec_idx=40118543&location=ts&searchword=AZURE&searchType=search&paid_fl=n,정규직,서울 서초구,~ 06/26(토),경력무관 학력무관,
106,(주)씨와이,/zf_user/jobs/relay/view?view_type=search&rec_idx=40236410&location=ts&searchword=AZURE&searchType=search&paid_fl=n,정규직,서울 서초구,~ 07/12(월),신입·경력 학력무관,
107,(주)씨와이,/zf_user/jobs/relay/view?view_type=search&rec_idx=40236479&location=ts&searchword=AZURE&searchType=search&paid_fl=n,정규직,서울 서초구,~ 07/12(월),신입·경력 학력무관,
108,(주)쿠캣,/zf_user/jobs/relay/view?view_type=search&rec_idx=40398415&location=ts&searchword=AZURE&searchType=search&paid_fl=n,정규직,서울 강남구,오늘마감,경력3년↑ 학력무관,
109,(주)소셜빈,/zf_user/jobs/relay/view?view_type=search&rec_idx=40458258&location=ts&searchword=AZURE&searchType=search&paid_fl=n,정규직,서울 강남구,~ 06/30(수),경력3년↑ 대졸↑,
110,(주)엔엑스테크놀로지,/zf_user/jobs/relay/view?view_type=search&rec_idx=40459994&location=ts&searchword=AZURE&searchType=search&paid_fl=n,정규직·계약직,서울 마포구,~ 07/31(토),신입·경력 학력무관,
111,드로닉(주),/zf_user/jobs/relay/view?view_type=search&rec_idx=40327646&location=ts&searchword=AZURE&searchType=search&paid_fl=n,정규직·계약직,서울 구로구,~ 07/25(일),경력 학력무관,
112,(주)클라우다이크,/zf_user/jobs/relay/view?view_type=search&rec_idx=40348735&location=ts&searchword=AZURE&searchType=search&paid_fl=n,정규직·프리랜서,경기 성남시 수정구,채용시,경력무관 고졸↑,
113,(주)아이오코드,/zf_user/jobs/relay/view?view_type=search&rec_idx=40507957&location=ts&searchword=AZURE&searchType=search&paid_fl=n,정규직,부산 해운대구,~ 08/17(화),경력3년↑ 대졸↑,
114,(주)테스트웍스,/zf_user/jobs/relay/view?view_type=search&rec_idx=40340152&location=ts&searchword=AZURE&searchType=search&paid_fl=n,정규직,서울 송파구,상시채용,경력 1~10년 대졸↑,
115,(주)엘핀,/zf_user/jobs/relay/view?view_type=search&rec_idx=40152574&location=ts&searchword=AZURE&searchType=search&paid_fl=n,정규직,서울 성동구,~ 07/01(목),신입·경력 학력무관,
116,(주)넥슨,/zf_user/jobs/relay/view?view_type=search&rec_idx=40470362&location=ts&searchword=AZURE&searchType=search&paid_fl=n,정규직,경기 성남시 분당구,채용시,경력 1~3년 학력무관,
117,(주)아이하트,/zf_user/jobs/relay/view?view_type=search&rec_idx=40417336&location=ts&searchword=AZURE&searchType=search&paid_fl=n,정규직,서울 금천구,~ 06/25(금),경력5년↑ 학력무관,
118,(주)제이엘유,/zf_user/jobs/relay/view?view_type=search&rec_idx=40453065&location=ts&searchword=AZURE&searchType=search&paid_fl=n,정규직·계약직,경기 수원시 영통구,~ 06/27(일),경력3년↑ 초대졸↑,
119,키키아이(주),/zf_user/jobs/relay/view?view_type=search&rec_idx=40074305&location=ts&searchword=AZURE&searchType=search&paid_fl=n,정규직,경기 성남시 분당구,채용시,경력무관 대졸↑,
120,(주)헤이드컴퍼니,/zf_user/jobs/relay/view?view_type=search&rec_idx=40374082&location=ts&searchword=AZURE&searchType=search&paid_fl=n,정규직,서울 강남구,~ 07/31(토),경력무관 고졸↑,
121,(주)헤이드컴퍼니,/zf_user/jobs/relay/view?view_type=search&rec_idx=40425897&location=ts&searchword=AZURE&searchType=search&paid_fl=n,정규직,서울 강남구,~ 08/07(토),경력 2~7년 고졸↑,
122,서린정보기술(주),/zf_user/jobs/relay/view?view_type=search&rec_idx=40426244&location=ts&searchword=AZURE&searchType=search&paid_fl=n,정규직,서울 강남구,~ 06/23(수),신입·경력 학력무관,
123,베스핀글로벌(주),/zf_user/jobs/relay/view?view_type=search&rec_idx=40501534&location=ts&searchword=AZURE&searchType=search&paid_fl=n,정규직,서울 서초구,~ 07/31(토),경력2년↑ 학력무관,
124,베스핀글로벌(주),/zf_user/jobs/relay/view?view_type=search&rec_idx=40501651&location=ts&searchword=AZURE&searchType=search&paid_fl=n,정규직,서울 서초구,~ 08/16(월),경력3년↑ 학력무관,
125,베스핀글로벌(주),/zf_user/jobs/relay/view?view_type=search&rec_idx=40501620&location=ts&searchword=AZURE&searchType=search&paid_fl=n,정규직,서울 서초구,~ 08/16(월),경력2년↑ 학력무관,
126,베스핀글로벌(주),/zf_user/jobs/relay/view?view_type=search&rec_idx=40500623&location=ts&searchword=AZURE&searchType=search&paid_fl=n,정규직,서울 서초구,~ 08/16(월),경력7년↑ 학력무관,
127,(주)바나나톡,/zf_user/jobs/relay/view?view_type=search&rec_idx=40425293&location=ts&searchword=AZURE&searchType=search&paid_fl=n,정규직,서울 강남구,~ 08/07(토),경력무관 학력무관,
128,(주)브랜디,/zf_user/jobs/relay/view?view_type=search&rec_idx=40305111&location=ts&searchword=AZURE&searchType=search&paid_fl=n,정규직,서울 강남구,~ 07/23(금),경력1년↑ 학력무관,
129,메가존클라우드(주),/zf_user/jobs/relay/view?view_type=search&rec_idx=39665714&location=ts&searchword=AZURE&searchType=search&paid_fl=n,정규직,서울 강남구,~ 06/30(수),경력무관 학력무관,
130,한국오라클,/zf_user/jobs/relay/view?view_type=search&rec_idx=40313325&location=ts&searchword=AZURE&searchType=search&paid_fl=n,정규직,서울 강남구,~ 07/23(금),경력13년↓ 학력무관,
131,㈜피앤피시큐어,/zf_user/jobs/relay/view?view_type=search&rec_idx=40389021&location=ts&searchword=AZURE&searchType=search&paid_fl=n,정규직,경기 성남시 분당구,오늘마감,경력무관 학력무관,
132,(주)와이비엠넷,/zf_user/jobs/relay/view?view_type=search&rec_idx=40417111&location=ts&searchword=AZURE&searchType=search&paid_fl=n,정규직,경기 성남시 분당구,~ 07/07(수),경력무관 대졸↑,
133,(주)케이아이엔엑스,/zf_user/jobs/relay/view?view_type=search&rec_idx=40487508&location=ts&searchword=AZURE&searchType=search&paid_fl=n,정규직,서울 강남구,내일마감,경력2년↑ 대졸↑,
134,메가존(주),/zf_user/jobs/relay/view?view_type=search&rec_idx=40086720&location=ts&searchword=AZURE&searchType=search&paid_fl=n,정규직,서울 강남구,~ 06/30(수),경력 학력무관,
135,(주)맨파워그룹코리아,/zf_user/jobs/relay/view?view_type=search&rec_idx=40495650&location=ts&searchword=AZURE&searchType=search&paid_fl=n,정규직·파견직 (정규직 전환가능),서울 종로구,~ 06/25(금),신입·경력 학력무관,
136,㈜비즈테크파트너스,/zf_user/jobs/relay/view?view_type=search&rec_idx=40274910&location=ts&searchword=AZURE&searchType=search&paid_fl=n,정규직·계약직,서울 마포구,~ 07/17(토),신입·경력 초대졸↑,
137,굿모닝아이텍(주),/zf_user/jobs/relay/view?view_type=search&rec_idx=40402614&location=ts&searchword=AZURE&searchType=search&paid_fl=n,정규직,대전 서구,~ 08/03(화),신입 대졸↑,
138,굿모닝아이텍(주),/zf_user/jobs/relay/view?view_type=search&rec_idx=40403138&location=ts&searchword=AZURE&searchType=search&paid_fl=n,정규직,울산 중구,~ 08/03(화),신입 대졸↑,
139,(주)에이아이스페라,/zf_user/jobs/relay/view?view_type=search&rec_idx=40135515&location=ts&searchword=AZURE&searchType=search&paid_fl=n,인턴직,서울 성동구,~ 06/28(월),경력무관 학력무관,
140,KOG,/zf_user/jobs/relay/view?view_type=search&rec_idx=40448179&location=ts&searchword=AZURE&searchType=search&paid_fl=n,정규직,대구 중구,채용시,경력무관 학력무관,
141,디딤365(주),/zf_user/jobs/relay/view?view_type=search&rec_idx=40481033&location=ts&searchword=AZURE&searchType=search&paid_fl=n,정규직,서울 금천구,~ 08/14(토),신입·경력 학력무관,
142,메가존클라우드(주),/zf_user/jobs/relay/view?view_type=search&rec_idx=40189581&location=ts&searchword=AZURE&searchType=search&paid_fl=n,정규직,서울 강남구,~ 06/30(수),경력3년↑ 학력무관,
143,디토닉(주),/zf_user/jobs/relay/view?view_type=search&rec_idx=40399037&location=ts&searchword=AZURE&searchType=search&paid_fl=n,정규직,경기 안양시 동안구,~ 06/22(화),경력1년↑ 학력무관,
144,지오시스(유),/zf_user/jobs/relay/view?view_type=search&rec_idx=39779581&location=ts&searchword=AZURE&searchType=search&paid_fl=n,정규직,서울 강남구,~ 06/30(수),신입·경력 대졸↑,
145,씨엠씨머티리얼즈코리아(유),/zf_user/jobs/relay/view?view_type=search&rec_idx=40188663&location=ts&searchword=AZURE&searchType=search&paid_fl=n,정규직,경기 평택시,~ 07/06(화),경력5년↑ 대졸↑,
146,(주)자이냅스,/zf_user/jobs/relay/view?view_type=search&rec_idx=40380390&location=ts&searchword=AZURE&searchType=search&paid_fl=n,전문연구요원·병역특례,서울 강남구,~ 07/31(토),경력무관 석사↑,
147,(주)에프엑스기어,/zf_user/jobs/relay/view?view_type=search&rec_idx=40321476&location=ts&searchword=AZURE&searchType=search&paid_fl=n,정규직,서울 강남구,~ 06/30(수),신입·경력 대졸↑,
148,(주)시스콘,/zf_user/jobs/relay/view?view_type=search&rec_idx=40326163&location=ts&searchword=AZURE&searchType=search&paid_fl=n,정규직,인천 서구,~ 07/25(일),경력무관 대졸↑,
149,(주)담담사무소,/zf_user/jobs/relay/view?view_type=search&rec_idx=40372418&location=ts&searchword=AZURE&searchType=search&paid_fl=n,정규직,서울 마포구,~ 07/31(토),경력무관 학력무관,
150,(주)엘리스,/zf_user/jobs/relay/view?view_type=search&rec_idx=40401366&location=ts&searchword=AZURE&searchType=search&paid_fl=n,정규직,서울 강남구,상시채용,경력무관 학력무관,
151,(주)그란코,/zf_user/jobs/relay/view?view_type=search&rec_idx=40483564&location=ts&searchword=AZURE&searchType=search&paid_fl=n,정규직,경기 안산시 단원구,~ 07/31(토),경력 1~10년 초대졸↑,
152,에이치로보틱스(주),/zf_user/jobs/relay/view?view_type=search&rec_idx=40362776&location=ts&searchword=AZURE&searchType=search&paid_fl=n,정규직,인천 연수구,~ 06/30(수),경력무관 대졸↑,"6,000~7,000"
153,시프트원(주),/zf_user/jobs/relay/view?view_type=search&rec_idx=40431768&location=ts&searchword=AZURE&searchType=search&paid_fl=n,정규직,서울 강남구,~ 08/07(토),신입·경력 대졸↑,
154,(주)지아이비타,/zf_user/jobs/relay/view?view_type=search&rec_idx=40449813&location=ts&searchword=AZURE&searchType=search&paid_fl=n,정규직,서울 강남구,~ 08/10(화),경력3년↑ 대졸↑,
155,(주)헬로디지털,/zf_user/jobs/relay/view?view_type=search&rec_idx=40456465&location=ts&searchword=AZURE&searchType=search&paid_fl=n,정규직·기간제,서울 성동구,~ 08/10(화),경력무관 초대졸↑,
156,(주)아이오코드,/zf_user/jobs/relay/view?view_type=search&rec_idx=40505118&location=ts&searchword=AZURE&searchType=search&paid_fl=n,정규직,부산 해운대구,~ 07/18(일),경력3년↑ 대졸↑,
157,(주)미디움,/zf_user/jobs/relay/view?view_type=search&rec_idx=40414213&location=ts&searchword=AZURE&searchType=search&paid_fl=n,정규직,서울 강남구,~ 07/07(수),경력무관 학력무관,
158,(주)수퍼트리,/zf_user/jobs/relay/view?view_type=search&rec_idx=40482559&location=ts&searchword=AZURE&searchType=search&paid_fl=n,정규직,서울 서초구,~ 07/30(금),경력무관 학력무관,
159,주식회사 텐,/zf_user/jobs/relay/view?view_type=search&rec_idx=40501496&location=ts&searchword=AZURE&searchType=search&paid_fl=n,정규직,서울 강남구,~ 06/27(일),경력무관 학력무관,
160,(주)자동차공학연구소,/zf_user/jobs/relay/view?view_type=search&rec_idx=40434326&location=ts&searchword=AZURE&searchType=search&paid_fl=n,정규직,서울 성북구,채용시,경력무관 초대졸↑,
161,(주)바질컴퍼니,/zf_user/jobs/relay/view?view_type=search&rec_idx=40479370&location=ts&searchword=AZURE&searchType=search&paid_fl=n,정규직,부산 사상구,~ 08/14(토),경력무관 대졸↑,
162,더블디,/zf_user/jobs/relay/view?view_type=search&rec_idx=40395363&location=ts&searchword=AZURE&searchType=search&paid_fl=n,정규직,대구 수성구,~ 08/02(월),경력1년↑ 초대졸↑,
163,(주)뮤직플랫,/zf_user/jobs/relay/view?view_type=search&rec_idx=40507533&location=ts&searchword=AZURE&searchType=search&paid_fl=n,정규직,서울 마포구,~ 07/18(일),경력무관 학력무관,
164,(주)에이쏠컴퍼니,/zf_user/jobs/relay/view?view_type=search&rec_idx=40341318&location=ts&searchword=AZURE&searchType=search&paid_fl=n,정규직,서울 성북구,~ 07/26(월),경력무관 대졸↑,
165,더블디,/zf_user/jobs/relay/view?view_type=search&rec_idx=40395328&location=ts&searchword=AZURE&searchType=search&paid_fl=n,정규직,대구 수성구,~ 08/02(월),경력1년↑ 초대졸↑,
166,(주)브로드밴드아이디씨,/zf_user/jobs/relay/view?view_type=search&rec_idx=40134229&location=ts&searchword=AZURE&searchType=search&paid_fl=n,정규직,경기 성남시 분당구,~ 06/28(월),신입·경력 학력무관,
167,콘센트릭스서비스코리아(유),/zf_user/jobs/relay/view?view_type=search&rec_idx=40272717&location=ts&searchword=AZURE&searchType=search&paid_fl=n,정규직,서울 강남구,상시채용,경력1년↑ 대졸↑,
168,콘센트릭스서비스코리아(유),/zf_user/jobs/relay/view?view_type=search&rec_idx=40393785&location=ts&searchword=AZURE&searchType=search&paid_fl=n,정규직,서울 강남구,상시채용,경력1년↑ 대졸↑,
169,콘센트릭스서비스코리아(유),/zf_user/jobs/relay/view?view_type=search&rec_idx=40429266&location=ts&searchword=AZURE&searchType=search&paid_fl=n,정규직,서울 강남구,상시채용,경력1년↑ 초대졸↑,
170,㈜코리아서버호스팅,/zf_user/jobs/relay/view?view_type=search&rec_idx=40495262&location=ts&searchword=AZURE&searchType=search&paid_fl=n,정규직,서울 서초구,채용시,경력무관 학력무관,
171,(주)위메이드,/zf_user/jobs/relay/view?view_type=search&rec_idx=40101006&location=ts&searchword=AZURE&searchType=search&paid_fl=n,정규직,경기 성남시 분당구,채용시,경력 학력무관,
172,필라테크,/zf_user/jobs/relay/view?view_type=search&rec_idx=40347729&location=ts&searchword=AZURE&searchType=search&paid_fl=n,정규직,서울 강남구,채용시,신입·경력 학력무관,
173,(주)유더블유에스,/zf_user/jobs/relay/view?view_type=search&rec_idx=40170719&location=ts&searchword=AZURE&searchType=search&paid_fl=n,정규직,서울 강남구,~ 07/03(토),신입·경력 학력무관,
174,(주)이호스트아이씨티,/zf_user/jobs/relay/view?view_type=search&rec_idx=40283356&location=ts&searchword=AZURE&searchType=search&paid_fl=n,정규직,서울 금천구,채용시,경력3년↑ 대졸↑,
175,후지쯔코리아테크놀러지(주),/zf_user/jobs/relay/view?view_type=search&rec_idx=40210982&location=ts&searchword=AZURE&searchType=search&paid_fl=n,정규직,서울 구로구,~ 07/09(금),신입·경력 고졸↑,
176,(주)소프트넷,/zf_user/jobs/relay/view?view_type=search&rec_idx=40221270&location=ts&searchword=AZURE&searchType=search&paid_fl=n,정규직,서울 강남구,~ 07/10(토),신입·경력 초대졸↑,
177,(주)퓨처로봇,/zf_user/jobs/relay/view?view_type=search&rec_idx=40374690&location=ts&searchword=AZURE&searchType=search&paid_fl=n,정규직,서울 강남구,~ 07/31(토),경력3년↑ 고졸↑,
178,헬로우파트너스,/zf_user/jobs/relay/view?view_type=search&rec_idx=40513316&location=ts&searchword=AZURE&searchType=search&paid_fl=n,정규직,서울 강남구,~ 07/04(일),경력5년↑ 학력무관,
179,(주)엑스노아코리아,/zf_user/jobs/relay/view?view_type=search&rec_idx=40211468&location=ts&searchword=AZURE&searchType=search&paid_fl=n,정규직,서울 서초구,~ 07/09(금),경력 1~15년 초대졸↑,
180,소프트웨어원코리아(유),/zf_user/jobs/relay/view?view_type=search&rec_idx=40377187&location=ts&searchword=AZURE&searchType=search&paid_fl=n,정규직,서울 강남구,~ 07/31(토),신입·경력 초대졸↑,
181,(주)맥스트,/zf_user/jobs/relay/view?view_type=search&rec_idx=40382169&location=ts&searchword=AZURE&searchType=search&paid_fl=n,정규직,서울 강남구,~ 07/02(금),신입·경력 대졸↑,
182,(주)커스토머인사이트,/zf_user/jobs/relay/view?view_type=search&rec_idx=40384117&location=ts&searchword=AZURE&searchType=search&paid_fl=n,정규직,서울 송파구,~ 08/01(일),경력무관 대졸↑,
183,피트릭스,/zf_user/jobs/relay/view?view_type=search&rec_idx=40416426&location=ts&searchword=AZURE&searchType=search&paid_fl=n,정규직,서울 강남구,채용시,경력3년↑ 초대졸↑,
184,겜마콘코리아(유),/zf_user/jobs/relay/view?view_type=search&rec_idx=40495986&location=ts&searchword=AZURE&searchType=search&paid_fl=n,정규직·계약직,서울 강남구,~ 08/16(월),경력3년↑ 학력무관,
185,코차이나티앤씨리미티드한국사무소,/zf_user/jobs/relay/view?view_type=search&rec_idx=40121876&location=ts&searchword=AZURE&searchType=search&paid_fl=n,정규직,서울 중구,~ 06/26(토),경력 3~5년 대졸↑,
186,(주)브레인커머스,/zf_user/jobs/relay/view?view_type=search&rec_idx=40496882&location=ts&searchword=AZURE&searchType=search&paid_fl=n,정규직,경기 안양시 동안구,~ 07/17(토),경력5년↑ 초대졸↑,
187,에이브(주),/zf_user/jobs/relay/view?view_type=search&rec_idx=40199559&location=ts&searchword=AZURE&searchType=search&paid_fl=n,정규직·계약직,서울 강남구,~ 06/30(수),경력 3~15년 초대졸↑,
188,에이브(주),/zf_user/jobs/relay/view?view_type=search&rec_idx=40199538&location=ts&searchword=AZURE&searchType=search&paid_fl=n,정규직·계약직,서울 강남구,~ 06/30(수),경력 7~15년 초대졸↑,
189,파이시큐어,/zf_user/jobs/relay/view?view_type=search&rec_idx=40300429&location=ts&searchword=AZURE&searchType=search&paid_fl=n,정규직,서울 강남구,~ 07/22(목),신입·경력 학력무관,
190,굿커리어,/zf_user/jobs/relay/view?view_type=search&rec_idx=40396436&location=ts&searchword=AZURE&searchType=search&paid_fl=n,정규직,경기 평택시,~ 07/03(토),경력5년↑ 대졸↑,
191,한영회계법인,/zf_user/jobs/relay/view?view_type=search&rec_idx=40384151&location=ts&searchword=AZURE&searchType=search&paid_fl=n,정규직,서울 영등포구,채용시,경력1년↑ 대졸↑,
192,한영회계법인,/zf_user/jobs/relay/view?view_type=search&rec_idx=40473492&location=ts&searchword=AZURE&searchType=search&paid_fl=n,인턴직,서울 영등포구,내일마감,신입 대졸↑,
193,한국오라클,/zf_user/jobs/relay/view?view_type=search&rec_idx=40381672&location=ts&searchword=AZURE&searchType=search&paid_fl=n,정규직,서울 강남구,~ 08/01(일),경력13년↓ 대졸↑,
194,(주)맨파워코리아,/zf_user/jobs/relay/view?view_type=search&rec_idx=40492369&location=ts&searchword=AZURE&searchType=search&paid_fl=n,정규직,서울 강남구,~ 07/16(금),경력 2~10년 대졸↑,
195,(주)휴넷,/zf_user/jobs/relay/view?view_type=search&rec_idx=40475996&location=ts&searchword=AZURE&searchType=search&paid_fl=n,정규직,서울 구로구,~ 06/30(수),경력2년↑ 초대졸↑,
196,(주)베베쿡,/zf_user/jobs/relay/view?view_type=search&rec_idx=40201038&location=ts&searchword=AZURE&searchType=search&paid_fl=n,정규직,서울 강남구,~ 06/30(수),경력2년↑ 초대졸↑,
197,서린상사㈜,/zf_user/jobs/relay/view?view_type=search&rec_idx=40112473&location=ts&searchword=AZURE&searchType=search&paid_fl=n,정규직,서울 강남구,상시채용,경력 3~10년 초대졸↑,
198,예스이십사㈜,/zf_user/jobs/relay/view?view_type=search&rec_idx=40307746&location=ts&searchword=AZURE&searchType=search&paid_fl=n,정규직,서울 영등포구,오늘마감,경력 5~15년 초대졸↑,
199,㈜제이브이엠,/zf_user/jobs/relay/view?view_type=search&rec_idx=40273370&location=ts&searchword=AZURE&searchType=search&paid_fl=n,정규직,대구 달서구,채용시,신입·경력 학력무관,
200,제니스앤컴퍼니(주),/zf_user/jobs/relay/view?view_type=search&rec_idx=40334941&location=ts&searchword=AZURE&searchType=search&paid_fl=n,정규직,서울 강남구,~ 07/26(월),경력무관 고졸↑,
201,엔에이치엔(주),/zf_user/jobs/relay/view?view_type=search&rec_idx=40396184&location=ts&searchword=AZURE&searchType=search&paid_fl=n,정규직,경기 성남시 분당구,채용시,경력3년↑ 학력무관,
202,엔에이치엔(주),/zf_user/jobs/relay/view?view_type=search&rec_idx=40396178&location=ts&searchword=AZURE&searchType=search&paid_fl=n,정규직,경기 성남시 분당구,채용시,경력3년↑ 학력무관,
203,엔에이치엔(주),/zf_user/jobs/relay/view?view_type=search&rec_idx=40449520&location=ts&searchword=AZURE&searchType=search&paid_fl=n,정규직,경기 성남시 분당구,채용시,경력5년↑ 학력무관,
204,엔에이치엔(주),/zf_user/jobs/relay/view?view_type=search&rec_idx=40449537&location=ts&searchword=AZURE&searchType=search&paid_fl=n,정규직,경기 성남시 분당구,채용시,경력2년↑ 대졸↑,
205,디포커스㈜,/zf_user/jobs/relay/view?view_type=search&rec_idx=40447260&location=ts&searchword=AZURE&searchType=search&paid_fl=n,정규직,서울 성동구,~ 08/09(월),신입·경력 초대졸↑,
206,(주)에스티유니타스,/zf_user/jobs/relay/view?view_type=search&rec_idx=40404612&location=ts&searchword=AZURE&searchType=search&paid_fl=n,정규직,서울 강남구,~ 08/03(화),경력 3~8년 학력무관,
207,(주)빗썸코리아,/zf_user/jobs/relay/view?view_type=search&rec_idx=40434005&location=ts&searchword=AZURE&searchType=search&paid_fl=n,정규직,서울 강남구,~ 08/08(일),경력 대졸↑,
208,(주)오픈베이스,/zf_user/jobs/relay/view?view_type=search&rec_idx=40446780&location=ts&searchword=AZURE&searchType=search&paid_fl=n,정규직,서울 서초구,상시채용,신입·경력 초대졸↑,
209,(주)이노그리드,/zf_user/jobs/relay/view?view_type=search&rec_idx=40204146&location=ts&searchword=AZURE&searchType=search&paid_fl=n,정규직,서울 서초구,~ 07/09(금),신입·경력 대졸↑,
210,유호스트,/zf_user/jobs/relay/view?view_type=search&rec_idx=40293392&location=ts&searchword=AZURE&searchType=search&paid_fl=n,정규직,서울 서초구,~ 07/07(수),경력 학력무관,
211,(주)이노그리드,/zf_user/jobs/relay/view?view_type=search&rec_idx=40364742&location=ts&searchword=AZURE&searchType=search&paid_fl=n,정규직,서울 서초구,~ 07/30(금),신입·경력 대졸↑,
212,(주)유호스트,/zf_user/jobs/relay/view?view_type=search&rec_idx=40372092&location=ts&searchword=AZURE&searchType=search&paid_fl=n,정규직,경기 안양시 동안구,~ 06/30(수),경력무관 학력무관,
213,메가존(주),/zf_user/jobs/relay/view?view_type=search&rec_idx=39728515&location=ts&searchword=AZURE&searchType=search&paid_fl=n,정규직,서울 강남구,~ 06/30(수),경력3년↑ 학력무관,
214,포미트,/zf_user/jobs/relay/view?view_type=search&rec_idx=40188095&location=ts&searchword=AZURE&searchType=search&paid_fl=n,정규직,부산 수영구,채용시,신입·경력 초대졸↑,
215,(주)스카우트,/zf_user/jobs/relay/view?view_type=search&rec_idx=40413746&location=ts&searchword=AZURE&searchType=search&paid_fl=n,정규직,서울 강남구,채용시,경력3년↑ 대졸↑,
216,굿모닝아이텍(주),/zf_user/jobs/relay/view?view_type=search&rec_idx=40104322&location=ts&searchword=AZURE&searchType=search&paid_fl=n,정규직,중국.홍콩 중국.홍콩,~ 06/25(금),경력무관 초대졸↑,
217,잼팟(주),/zf_user/jobs/relay/view?view_type=search&rec_idx=40111198&location=ts&searchword=AZURE&searchType=search&paid_fl=n,정규직,서울 영등포구,채용시,경력 3~10년 학력무관,
218,굿모닝아이텍(주),/zf_user/jobs/relay/view?view_type=search&rec_idx=40440384&location=ts&searchword=AZURE&searchType=search&paid_fl=n,정규직,서울 마포구,~ 08/08(일),경력1년↑ 대졸↑,
219,(주)제이엘케이,/zf_user/jobs/relay/view?view_type=search&rec_idx=40489765&location=ts&searchword=AZURE&searchType=search&paid_fl=n,정규직,서울 강남구,~ 08/15(일),경력 5~10년 대졸↑,
220,(주)팀웨이브,/zf_user/jobs/relay/view?view_type=search&rec_idx=40286327&location=ts&searchword=AZURE&searchType=search&paid_fl=n,정규직,서울 강남구,~ 07/19(월),경력 2~7년 학력무관,
221,이든비즈텍(주),/zf_user/jobs/relay/view?view_type=search&rec_idx=40320022&location=ts&searchword=AZURE&searchType=search&paid_fl=n,정규직,서울 영등포구,~ 07/24(토),경력 2~5년 학력무관,
222,이든비즈텍(주),/zf_user/jobs/relay/view?view_type=search&rec_idx=40320092&location=ts&searchword=AZURE&searchType=search&paid_fl=n,정규직·계약직,서울 영등포구,~ 07/24(토),신입·경력 학력무관,
223,(주)더블유컨셉코리아,/zf_user/jobs/relay/view?view_type=search&rec_idx=40359247&location=ts&searchword=AZURE&searchType=search&paid_fl=n,정규직,서울 강남구,~ 07/30(금),경력6년↓ 학력무관,
224,(주)씨디네트웍스,/zf_user/jobs/relay/view?view_type=search&rec_idx=40367440&location=ts&searchword=AZURE&searchType=search&paid_fl=n,정규직,서울 강남구,~ 07/31(토),경력1년↑ 대졸↑,
225,(주)코맥스,/zf_user/jobs/relay/view?view_type=search&rec_idx=40479753&location=ts&searchword=AZURE&searchType=search&paid_fl=n,정규직,경기 성남시 중원구,~ 07/11(일),경력3년↑ 학력무관,
226,(주)테크데이타글로벌,/zf_user/jobs/relay/view?view_type=search&rec_idx=40311848&location=ts&searchword=AZURE&searchType=search&paid_fl=n,정규직,서울 강남구,~ 07/23(금),경력무관 학력무관,
227,라온시큐어(주),/zf_user/jobs/relay/view?view_type=search&rec_idx=40367716&location=ts&searchword=AZURE&searchType=search&paid_fl=n,정규직,서울 강남구,오늘마감,경력3년↑ 초대졸↑,
228,(주)테크데이타글로벌,/zf_user/jobs/relay/view?view_type=search&rec_idx=40416732&location=ts&searchword=AZURE&searchType=search&paid_fl=n,정규직,부산 해운대구,~ 06/25(금),신입 초대졸↑,
229,행복쇼핑(주),/zf_user/jobs/relay/view?view_type=search&rec_idx=40199656&location=ts&searchword=AZURE&searchType=search&paid_fl=n,정규직,서울 영등포구,~ 06/30(수),경력3년↑ 초대졸↑,
230,(주)베스파,/zf_user/jobs/relay/view?view_type=search&rec_idx=40381472&location=ts&searchword=AZURE&searchType=search&paid_fl=n,정규직,서울 강남구,채용시,경력무관 학력무관,
231,(주)이메인텍,/zf_user/jobs/relay/view?view_type=search&rec_idx=40397104&location=ts&searchword=AZURE&searchType=search&paid_fl=n,정규직,서울 서초구,내일마감,신입·경력 학력무관,
232,(주)위메프,/zf_user/jobs/relay/view?view_type=search&rec_idx=40441975&location=ts&searchword=AZURE&searchType=search&paid_fl=n,정규직,서울 강남구,~ 07/11(일),경력3년↑ 학력무관,
233,(주)위메프,/zf_user/jobs/relay/view?view_type=search&rec_idx=40452450&location=ts&searchword=AZURE&searchType=search&paid_fl=n,정규직,서울 강남구,~ 07/11(일),경력4년↑ 학력무관,
234,(주)위메프,/zf_user/jobs/relay/view?view_type=search&rec_idx=40452959&location=ts&searchword=AZURE&searchType=search&paid_fl=n,정규직,서울 강남구,~ 07/11(일),경력1년↑ 학력무관,
235,(주)위메프,/zf_user/jobs/relay/view?view_type=search&rec_idx=40452617&location=ts&searchword=AZURE&searchType=search&paid_fl=n,정규직,서울 강남구,~ 07/11(일),경력3년↑ 학력무관,
236,디딤365(주),/zf_user/jobs/relay/view?view_type=search&rec_idx=40236426&location=ts&searchword=AZURE&searchType=search&paid_fl=n,정규직,서울 금천구,~ 07/12(월),신입·경력 초대졸↑,
237,(주)로웸,/zf_user/jobs/relay/view?view_type=search&rec_idx=40330729&location=ts&searchword=AZURE&searchType=search&paid_fl=n,정규직,서울 구로구,~ 07/25(일),신입·경력 학력무관,
238,트리노드(주),/zf_user/jobs/relay/view?view_type=search&rec_idx=40319246&location=ts&searchword=AZURE&searchType=search&paid_fl=n,정규직,서울 강남구,채용시,경력3년↑ 학력무관,
239,(주)인텔리안시스템즈,/zf_user/jobs/relay/view?view_type=search&rec_idx=40425154&location=ts&searchword=AZURE&searchType=search&paid_fl=n,정규직,서울 강남구,~ 07/08(목),경력 학력무관,
240,(주)웨어포인트,/zf_user/jobs/relay/view?view_type=search&rec_idx=40242621&location=ts&searchword=AZURE&searchType=search&paid_fl=n,정규직·계약직,서울 송파구,채용시,경력3년↑ 초대졸↑,
241,(주)카이런소프트,/zf_user/jobs/relay/view?view_type=search&rec_idx=40391303&location=ts&searchword=AZURE&searchType=search&paid_fl=n,정규직,대전 유성구,~ 06/30(수),경력무관 대졸↑,
242,(주)티디아이,/zf_user/jobs/relay/view?view_type=search&rec_idx=40467432&location=ts&searchword=AZURE&searchType=search&paid_fl=n,정규직,서울 서초구,~ 08/13(금),경력 학력무관,"5,000 만원"
243,(주)에이치알맨파워그룹,/zf_user/jobs/relay/view?view_type=search&rec_idx=40488425&location=ts&searchword=AZURE&searchType=search&paid_fl=n,정규직,서울 강남구,~ 06/30(수),경력3년↑ 대졸↑,
244,에버브레인컨설팅(주),/zf_user/jobs/relay/view?view_type=search&rec_idx=40502789&location=ts&searchword=AZURE&searchType=search&paid_fl=n,정규직,서울 중구,~ 07/18(일),경력 10~17년 대졸↑,
245,에버브레인컨설팅(주),/zf_user/jobs/relay/view?view_type=search&rec_idx=40502782&location=ts&searchword=AZURE&searchType=search&paid_fl=n,정규직,서울 중구,~ 07/03(토),경력 2~9년 대졸↑,
246,에버브레인컨설팅(주),/zf_user/jobs/relay/view?view_type=search&rec_idx=40502783&location=ts&searchword=AZURE&searchType=search&paid_fl=n,정규직,서울 중구,~ 07/18(일),경력 2~9년 대졸↑,
247,(주)에스씨엘헬스케어,/zf_user/jobs/relay/view?view_type=search&rec_idx=40348768&location=ts&searchword=AZURE&searchType=search&paid_fl=n,정규직,경기 용인시 기흥구,~ 07/27(화),경력무관 초대졸↑,
248,디토닉 주식회사,/zf_user/jobs/relay/view?view_type=search&rec_idx=40392632&location=ts&searchword=AZURE&searchType=search&paid_fl=n,정규직,경기 안양시 동안구,~ 08/02(월),경력무관 학력무관,
249,(주)비비파트너스,/zf_user/jobs/relay/view?view_type=search&rec_idx=40431165&location=ts&searchword=AZURE&searchType=search&paid_fl=n,정규직,경기 성남시 분당구,~ 07/08(목),경력 대졸↑,
250,(주)인포유앤컴퍼니,/zf_user/jobs/relay/view?view_type=search&rec_idx=40454700&location=ts&searchword=AZURE&searchType=search&paid_fl=n,정규직,서울 성동구,~ 08/10(화),신입·경력 초대졸↑,
251,(주)비비파트너스,/zf_user/jobs/relay/view?view_type=search&rec_idx=40463942&location=ts&searchword=AZURE&searchType=search&paid_fl=n,정규직,경기 성남시 분당구,~ 07/14(수),경력9년↑ 대졸↑,
252,(주)비비파트너스,/zf_user/jobs/relay/view?view_type=search&rec_idx=40463982&location=ts&searchword=AZURE&searchType=search&paid_fl=n,정규직,경기 성남시 분당구,~ 07/14(수),경력5년↑ 대졸↑,
253,(주)사람과기술,/zf_user/jobs/relay/view?view_type=search&rec_idx=40464912&location=ts&searchword=AZURE&searchType=search&paid_fl=n,정규직,서울 강남구,오늘마감,경력 4~8년 대졸↑,
254,(주)비비파트너스,/zf_user/jobs/relay/view?view_type=search&rec_idx=40512483&location=ts&searchword=AZURE&searchType=search&paid_fl=n,정규직,경기 성남시 분당구,~ 07/19(월),경력5년↑ 대졸↑,
255,주식회사 버넥트,/zf_user/jobs/relay/view?view_type=search&rec_idx=40274919&location=ts&searchword=AZURE&searchType=search&paid_fl=n,정규직·전문연구요원,서울 용산구,~ 07/17(토),경력무관 학력무관,
256,(주)필라넷,/zf_user/jobs/relay/view?view_type=search&rec_idx=40294927&location=ts&searchword=AZURE&searchType=search&paid_fl=n,정규직,경기 수원시 영통구,오늘마감,경력 5~10년 학력무관,
257,(주)코그넷나인,/zf_user/jobs/relay/view?view_type=search&rec_idx=40342257&location=ts&searchword=AZURE&searchType=search&paid_fl=n,정규직,서울 서초구,채용시,신입·경력 학력무관,
258,(주)코그넷나인,/zf_user/jobs/relay/view?view_type=search&rec_idx=40342305&location=ts&searchword=AZURE&searchType=search&paid_fl=n,정규직,서울 서초구,채용시,신입·경력 학력무관,
259,(주)코그넷나인,/zf_user/jobs/relay/view?view_type=search&rec_idx=40354079&location=ts&searchword=AZURE&searchType=search&paid_fl=n,정규직,서울 서초구,채용시,경력3년↑ 학력무관,
260,(주)필라넷,/zf_user/jobs/relay/view?view_type=search&rec_idx=40366684&location=ts&searchword=AZURE&searchType=search&paid_fl=n,정규직,서울 성동구,~ 07/01(목),경력1년↑ 학력무관,
261,(주)헬로서치,/zf_user/jobs/relay/view?view_type=search&rec_idx=40411691&location=ts&searchword=AZURE&searchType=search&paid_fl=n,정규직,서울 강남구,~ 07/07(수),경력3년↑ 학력무관,
262,금보개발(주) 오라카이 인사동 스위츠,/zf_user/jobs/relay/view?view_type=search&rec_idx=40418518&location=ts&searchword=AZURE&searchType=search&paid_fl=n,정규직,서울 강남구,~ 07/07(수),경력 학력무관,
263,(주)헬로서치,/zf_user/jobs/relay/view?view_type=search&rec_idx=40423160&location=ts&searchword=AZURE&searchType=search&paid_fl=n,정규직,서울 강남구,~ 07/08(목),경력2년↑ 학력무관,
264,㈜필라넷,/zf_user/jobs/relay/view?view_type=search&rec_idx=40438008&location=ts&searchword=AZURE&searchType=search&paid_fl=n,정규직·계약직,경기 수원시 영통구,~ 07/09(금),신입·경력 학력무관,
265,㈜필라넷,/zf_user/jobs/relay/view?view_type=search&rec_idx=40438040&location=ts&searchword=AZURE&searchType=search&paid_fl=n,정규직·계약직,경기 수원시 영통구,~ 07/09(금),경력무관 초대졸↑,
266,㈜필라넷,/zf_user/jobs/relay/view?view_type=search&rec_idx=40438003&location=ts&searchword=AZURE&searchType=search&paid_fl=n,정규직,서울 성동구,~ 07/09(금),경력3년↑ 학력무관,
267,(주)필라넷,/zf_user/jobs/relay/view?view_type=search&rec_idx=40438210&location=ts&searchword=AZURE&searchType=search&paid_fl=n,정규직,경기 수원시 영통구,~ 07/09(금),경력 학력무관,
268,㈜필라넷,/zf_user/jobs/relay/view?view_type=search&rec_idx=40438015&location=ts&searchword=AZURE&searchType=search&paid_fl=n,정규직,서울 성동구,~ 07/09(금),경력 3~8년 학력무관,
269,(주)서밋코퍼레이션,/zf_user/jobs/relay/view?view_type=search&rec_idx=40483017&location=ts&searchword=AZURE&searchType=search&paid_fl=n,정규직·프리랜서,서울 중구,~ 07/15(목),경력3년↑ 학력무관,"4,000~5,000"
270,(주)서밋코퍼레이션,/zf_user/jobs/relay/view?view_type=search&rec_idx=40482108&location=ts&searchword=AZURE&searchType=search&paid_fl=n,정규직·프리랜서,서울 중구,~ 07/15(목),경력3년↑ 학력무관,"4,000~5,000"
271,(주)아이스앤브이,/zf_user/jobs/relay/view?view_type=search&rec_idx=40215033&location=ts&searchword=AZURE&searchType=search&paid_fl=n,정규직,서울 금천구,~ 07/10(토),경력무관 학력무관,
272,(주)오에스씨코리아,/zf_user/jobs/relay/view?view_type=search&rec_idx=40233381&location=ts&searchword=AZURE&searchType=search&paid_fl=n,정규직·계약직,서울 서초구,~ 07/12(월),경력5년↑ 학력무관,
273,(주)큐픽스,/zf_user/jobs/relay/view?view_type=search&rec_idx=40155639&location=ts&searchword=AZURE&searchType=search&paid_fl=n,정규직·전문연구요원,경기 성남시 분당구,~ 06/30(수),경력무관 대졸↑,
274,(주)나누고,/zf_user/jobs/relay/view?view_type=search&rec_idx=40370200&location=ts&searchword=AZURE&searchType=search&paid_fl=n,정규직,서울 영등포구,~ 07/31(토),경력 학력무관,
275,(주)자이플래닛,/zf_user/jobs/relay/view?view_type=search&rec_idx=40378626&location=ts&searchword=AZURE&searchType=search&paid_fl=n,정규직·계약직,서울 강남구,~ 08/01(일),경력 3~10년 대졸↑,
276,(주)인써어치컨설팅,/zf_user/jobs/relay/view?view_type=search&rec_idx=40421568&location=ts&searchword=AZURE&searchType=search&paid_fl=n,정규직,서울 중구,채용시,경력 3~10년 학력무관,
277,브이엠웨어코리아 유한회사,/zf_user/jobs/relay/view?view_type=search&rec_idx=40430888&location=ts&searchword=AZURE&searchType=search&paid_fl=n,정규직,서울 강남구,채용시,경력 3~10년 대졸↑,
278,엔터웨이파트너스,/zf_user/jobs/relay/view?view_type=search&rec_idx=40471736&location=ts&searchword=AZURE&searchType=search&paid_fl=n,정규직,서울 강남구,~ 07/14(수),경력5년↑ 석사↑,
279,주) 석세스코리아컨설팅,/zf_user/jobs/relay/view?view_type=search&rec_idx=40512833&location=ts&searchword=AZURE&searchType=search&paid_fl=n,정규직,경기 평택시,~ 06/25(금),경력 7~13년 대졸↑,
280,이마고웍스(주),/zf_user/jobs/relay/view?view_type=search&rec_idx=40261717&location=ts&searchword=AZURE&searchType=search&paid_fl=n,정규직,서울 서초구,~ 07/16(금),경력1년↑ 학력무관,
281,(주)휴먼트리월드와이드,/zf_user/jobs/relay/view?view_type=search&rec_idx=40431955&location=ts&searchword=AZURE&searchType=search&paid_fl=n,정규직,서울 종로구,채용시,경력3년↑ 대졸↑,
282,(주)수퍼트리,/zf_user/jobs/relay/view?view_type=search&rec_idx=40160400&location=ts&searchword=AZURE&searchType=search&paid_fl=n,정규직,서울 서초구,~ 06/30(수),경력무관 학력무관,
283,크립토파라다이스 유한책임회사,/zf_user/jobs/relay/view?view_type=search&rec_idx=40164928&location=ts&searchword=AZURE&searchType=search&paid_fl=n,정규직,경기 성남시 분당구,상시채용,경력무관 학력무관,"4,000~5,000"
284,크립토파라다이스 유한책임회사,/zf_user/jobs/relay/view?view_type=search&rec_idx=40174257&location=ts&searchword=AZURE&searchType=search&paid_fl=n,정규직,경기 성남시 분당구,상시채용,신입 학력무관,"4,000~5,000"
285,(주)팡스카이,/zf_user/jobs/relay/view?view_type=search&rec_idx=40193042&location=ts&searchword=AZURE&searchType=search&paid_fl=n,정규직·인턴직,서울 강남구,~ 07/06(화),경력2년↑ 학력무관,
286,(주)아르고스다인,/zf_user/jobs/relay/view?view_type=search&rec_idx=40324893&location=ts&searchword=AZURE&searchType=search&paid_fl=n,정규직,경기 용인시 기흥구,~ 07/25(일),경력무관 대졸↑,
287,엔웨이코리아(주),/zf_user/jobs/relay/view?view_type=search&rec_idx=40358454&location=ts&searchword=AZURE&searchType=search&paid_fl=n,정규직,서울 서초구,~ 06/30(수),경력 3~10년 학력무관,
288,프로페셔날핸즈인핸즈코리아(주),/zf_user/jobs/relay/view?view_type=search&rec_idx=40408968&location=ts&searchword=AZURE&searchType=search&paid_fl=n,정규직,경기 고양시 덕양구,~ 07/07(수),경력 7~12년 대졸↑,
289,㈜피플스카우트,/zf_user/jobs/relay/view?view_type=search&rec_idx=40427613&location=ts&searchword=AZURE&searchType=search&paid_fl=n,정규직,서울 강남구,~ 07/08(목),경력3년↑ 초대졸↑,
290,(주)에임즈인터내셔널코리아,/zf_user/jobs/relay/view?view_type=search&rec_idx=40460213&location=ts&searchword=AZURE&searchType=search&paid_fl=n,정규직,서울 강남구,~ 07/12(월),경력5년↑ 대졸↑,"4,000~5,000"
291,(주)에임즈인터내셔널코리아,/zf_user/jobs/relay/view?view_type=search&rec_idx=40490350&location=ts&searchword=AZURE&searchType=search&paid_fl=n,정규직,서울 강남구,~ 07/16(금),경력12년↑ 대졸↑,1억원 이상
292,㈜피플스카우트,/zf_user/jobs/relay/view?view_type=search&rec_idx=40492990&location=ts&searchword=AZURE&searchType=search&paid_fl=n,정규직,서울 강남구,채용시,경력2년↑ 초대졸↑,
293,(주)베스트에치알 (Best HR),/zf_user/jobs/relay/view?view_type=search&rec_idx=40511659&location=ts&searchword=AZURE&searchType=search&paid_fl=n,정규직,서울전체,~ 07/18(일),경력9년↑ 석사↑,
294,(주)베스트에치알 (Best HR),/zf_user/jobs/relay/view?view_type=search&rec_idx=40511699&location=ts&searchword=AZURE&searchType=search&paid_fl=n,정규직,서울 강남구,~ 07/18(일),경력 3~9년 초대졸↑,
295,(주)베스트에치알 (Best HR),/zf_user/jobs/relay/view?view_type=search&rec_idx=40511673&location=ts&searchword=AZURE&searchType=search&paid_fl=n,정규직,서울전체,~ 07/18(일),경력5년↑ 대졸↑,
296,(주)세나클소프트,/zf_user/jobs/relay/view?view_type=search&rec_idx=40320817&location=ts&searchword=AZURE&searchType=search&paid_fl=n,정규직,서울 강남구,채용시,경력3년↑ 학력무관,"4,000~5,000"
297,(주)슈퍼브에이아이,/zf_user/jobs/relay/view?view_type=search&rec_idx=40058371&location=ts&searchword=AZURE&searchType=search&paid_fl=n,정규직,서울 강남구,채용시,경력 3~12년 학력무관,
298,리얼텍세미콘덕터코퍼레이션코리아오피스,/zf_user/jobs/relay/view?view_type=search&rec_idx=40090581&location=ts&searchword=AZURE&searchType=search&paid_fl=n,정규직,서울 강남구,채용시,경력무관 대졸↑,
299,(주)서원정보,/zf_user/jobs/relay/view?view_type=search&rec_idx=40185851&location=ts&searchword=AZURE&searchType=search&paid_fl=n,정규직,경기 성남시 분당구,~ 07/05(월),신입·경력 학력무관,
300,피트릭스,/zf_user/jobs/relay/view?view_type=search&rec_idx=40284482&location=ts&searchword=AZURE&searchType=search&paid_fl=n,정규직,서울 강남구,채용시,경력무관 초대졸↑,
301,(주)대범한사람들,/zf_user/jobs/relay/view?view_type=search&rec_idx=40311865&location=ts&searchword=AZURE&searchType=search&paid_fl=n,정규직,서울 서초구,~ 06/23(수),경력 3~8년 학력무관,
302,(주)모예,/zf_user/jobs/relay/view?view_type=search&rec_idx=40337872&location=ts&searchword=AZURE&searchType=search&paid_fl=n,정규직,서울 성동구,상시채용,경력무관 학력무관,
303,소프트웨어원코리아(유),/zf_user/jobs/relay/view?view_type=search&rec_idx=40377186&location=ts&searchword=AZURE&searchType=search&paid_fl=n,정규직,서울 강남구,~ 07/31(토),신입·경력 초대졸↑,
304,(주) 카부,/zf_user/jobs/relay/view?view_type=search&rec_idx=40390607&location=ts&searchword=AZURE&searchType=search&paid_fl=n,정규직,서울 서초구,~ 08/02(월),경력5년↑ 초대졸↑,
305,(주)블루비커,/zf_user/jobs/relay/view?view_type=search&rec_idx=40392946&location=ts&searchword=AZURE&searchType=search&paid_fl=n,정규직,서울 중구,상시채용,경력무관 학력무관,
306,(주)탑앤스카우트,/zf_user/jobs/relay/view?view_type=search&rec_idx=40409403&location=ts&searchword=AZURE&searchType=search&paid_fl=n,정규직,서울 강남구,채용시,경력 5~15년 초대졸↑,
307,(주)유웨이써치앤컨설팅,/zf_user/jobs/relay/view?view_type=search&rec_idx=40412364&location=ts&searchword=AZURE&searchType=search&paid_fl=n,정규직,서울 서초구,~ 06/22(화),경력 3~10년 대졸↑,
308,(주)비트코퍼레이션,/zf_user/jobs/relay/view?view_type=search&rec_idx=40420860&location=ts&searchword=AZURE&searchType=search&paid_fl=n,정규직,경기 성남시 분당구,~ 08/06(금),경력3년↑ 초대졸↑,
309,소프트플로우(주),/zf_user/jobs/relay/view?view_type=search&rec_idx=40424957&location=ts&searchword=AZURE&searchType=search&paid_fl=n,정규직·계약직,경기 성남시 수정구,~ 07/07(수),신입·경력 대졸↑,"3,000~3,200"
310,에임커리어(주),/zf_user/jobs/relay/view?view_type=search&rec_idx=40426951&location=ts&searchword=AZURE&searchType=search&paid_fl=n,정규직,서울 성동구,~ 07/08(목),경력2년↑ 학력무관,
311,(주)제이앤씨에이치알,/zf_user/jobs/relay/view?view_type=search&rec_idx=40432247&location=ts&searchword=AZURE&searchType=search&paid_fl=n,정규직,서울 서초구,채용시,경력4년↑ 대졸↑,
312,(주)스누아이랩,/zf_user/jobs/relay/view?view_type=search&rec_idx=40457085&location=ts&searchword=AZURE&searchType=search&paid_fl=n,정규직,서울 관악구,~ 08/10(화),경력3년↑ 학력무관,
313,(주)비에이블컨설팅그룹,/zf_user/jobs/relay/view?view_type=search&rec_idx=40472704&location=ts&searchword=AZURE&searchType=search&paid_fl=n,정규직,서울 금천구,~ 06/27(일),경력5년↑ 대졸↑,
314,(주)비에이블컨설팅그룹,/zf_user/jobs/relay/view?view_type=search&rec_idx=40472694&location=ts&searchword=AZURE&searchType=search&paid_fl=n,정규직,서울 금천구,~ 06/27(일),경력4년↑ 대졸↑,
315,(주)비에이블컨설팅그룹,/zf_user/jobs/relay/view?view_type=search&rec_idx=40472957&location=ts&searchword=AZURE&searchType=search&paid_fl=n,정규직,서울 금천구,~ 06/27(일),경력2년↑ 석사↑,
316,(주)세나클소프트,/zf_user/jobs/relay/view?view_type=search&rec_idx=40480787&location=ts&searchword=AZURE&searchType=search&paid_fl=n,정규직,서울 강남구,채용시,경력3년↑ 학력무관,"5,000~6,000"
317,라이징윙스(주),/zf_user/jobs/relay/view?view_type=search&rec_idx=40481230&location=ts&searchword=AZURE&searchType=search&paid_fl=n,정규직,서울 강남구,~ 07/15(목),경력 3~6년 학력무관,
318,(주)인큐브시스템,/zf_user/jobs/relay/view?view_type=search&rec_idx=40493983&location=ts&searchword=AZURE&searchType=search&paid_fl=n,정규직,서울 금천구,~ 06/28(월),경력3년↑ 대졸↑,
319,유비스 코리아,/zf_user/jobs/relay/view?view_type=search&rec_idx=40497859&location=ts&searchword=AZURE&searchType=search&paid_fl=n,정규직,서울 마포구,~ 07/17(토),경력 5~12년 대졸↑,
320,(주)탑앤스카우트,/zf_user/jobs/relay/view?view_type=search&rec_idx=40502975&location=ts&searchword=AZURE&searchType=search&paid_fl=n,정규직,서울 강남구,채용시,경력4년↑ 대졸↑,
321,(주)탑앤스카우트,/zf_user/jobs/relay/view?view_type=search&rec_idx=40502980&location=ts&searchword=AZURE&searchType=search&paid_fl=n,정규직,서울 강남구,채용시,경력10년↑ 대졸↑,
322,(주)스카우트파트너스,/zf_user/jobs/relay/view?view_type=search&rec_idx=40502955&location=ts&searchword=AZURE&searchType=search&paid_fl=n,정규직,서울 강남구,~ 07/18(일),경력 3~13년 초대졸↑,
323,라온서치,/zf_user/jobs/relay/view?view_type=search&rec_idx=40513586&location=ts&searchword=AZURE&searchType=search&paid_fl=n,정규직,서울 서초구,~ 06/23(수),경력 5~12년 대졸↑,"5,000~6,000"
324,(주)제이엘유,/zf_user/jobs/relay/view?view_type=search&rec_idx=40079431&location=ts&searchword=AZURE&searchType=search&paid_fl=n,정규직·프리랜서,경기 수원시 영통구,오늘마감,경력3년↑ 대졸↑,
325,이데아텍(주),/zf_user/jobs/relay/view?view_type=search&rec_idx=40126611&location=ts&searchword=AZURE&searchType=search&paid_fl=n,정규직,서울 강남구,~ 06/27(일),경력무관 초대졸↑,
326,(주)제이엘유,/zf_user/jobs/relay/view?view_type=search&rec_idx=40079378&location=ts&searchword=AZURE&searchType=search&paid_fl=n,정규직·프리랜서,경기 수원시 영통구,오늘마감,경력3년↑ 대졸↑,
327,appknot,/zf_user/jobs/relay/view?view_type=search&rec_idx=40237117&location=ts&searchword=AZURE&searchType=search&paid_fl=n,정규직,서울 성동구,상시채용,경력무관 고졸↑,
328,트윈스엔씨,/zf_user/jobs/relay/view?view_type=search&rec_idx=40177490&location=ts&searchword=AZURE&searchType=search&paid_fl=n,정규직·계약직,서울 송파구,~ 07/05(월),경력 3~18년 학력무관,
329,(주)티디아이애즈,/zf_user/jobs/relay/view?view_type=search&rec_idx=40346495&location=ts&searchword=AZURE&searchType=search&paid_fl=n,정규직,서울 서초구,~ 07/27(화),경력 학력무관,"5,000~6,000"
330,주식회사레몬헬스케어,/zf_user/jobs/relay/view?view_type=search&rec_idx=40450103&location=ts&searchword=AZURE&searchType=search&paid_fl=n,정규직,서울 금천구,~ 06/30(수),경력2년↑ 학력무관,
331,샘랩(주),/zf_user/jobs/relay/view?view_type=search&rec_idx=40325536&location=ts&searchword=AZURE&searchType=search&paid_fl=n,정규직,경기 시흥시,상시채용,경력무관 학력무관,
332,메이븐클라우드서비스(주),/zf_user/jobs/relay/view?view_type=search&rec_idx=40360599&location=ts&searchword=AZURE&searchType=search&paid_fl=n,정규직,서울 강남구,~ 07/03(토),경력무관 대졸↑,
333,에이피써치,/zf_user/jobs/relay/view?view_type=search&rec_idx=40407747&location=ts&searchword=AZURE&searchType=search&paid_fl=n,정규직,서울 강남구,채용시,경력 3~10년 초대졸↑,
334,에이피써치,/zf_user/jobs/relay/view?view_type=search&rec_idx=40407752&location=ts&searchword=AZURE&searchType=search&paid_fl=n,정규직,서울 송파구,채용시,경력 3~8년 초대졸↑,
335,(주)더라이징스타헤딩,/zf_user/jobs/relay/view?view_type=search&rec_idx=40456293&location=ts&searchword=AZURE&searchType=search&paid_fl=n,정규직,서울 강남구,채용시,경력 대졸↑,
336,(주)더라이징스타헤딩,/zf_user/jobs/relay/view?view_type=search&rec_idx=40456376&location=ts&searchword=AZURE&searchType=search&paid_fl=n,정규직,서울 강남구,채용시,경력 대졸↑,
337,(주)더라이징스타헤딩,/zf_user/jobs/relay/view?view_type=search&rec_idx=40463296&location=ts&searchword=AZURE&searchType=search&paid_fl=n,정규직,서울 강남구,~ 07/14(수),경력2년↑ 학력무관,
338,(주)멸치,/zf_user/jobs/relay/view?view_type=search&rec_idx=40464426&location=ts&searchword=AZURE&searchType=search&paid_fl=n,계약직·아르바이트,서울 송파구,~ 08/13(금),경력 학력무관,1억원 이상
339,(주)멸치,/zf_user/jobs/relay/view?view_type=search&rec_idx=40464438&location=ts&searchword=AZURE&searchType=search&paid_fl=n,정규직·계약직,서울 송파구,~ 08/13(금),경력3년↑ 학력무관,1억원 이상
340,에이피써치,/zf_user/jobs/relay/view?view_type=search&rec_idx=40502329&location=ts&searchword=AZURE&searchType=search&paid_fl=n,정규직,서울 서초구,채용시,경력2년↑ 초대졸↑,
341,에이피써치,/zf_user/jobs/relay/view?view_type=search&rec_idx=40502281&location=ts&searchword=AZURE&searchType=search&paid_fl=n,정규직,서울 강남구,채용시,경력8년↑ 초대졸↑,
342,에이피써치,/zf_user/jobs/relay/view?view_type=search&rec_idx=40502322&location=ts&searchword=AZURE&searchType=search&paid_fl=n,정규직,서울 강남구,채용시,경력6년↑ 초대졸↑,
343,파워에이치알,/zf_user/jobs/relay/view?view_type=search&rec_idx=40457765&location=ts&searchword=AZURE&searchType=search&paid_fl=n,정규직,서울 영등포구,채용시,경력5년↑ 초대졸↑,
344,파워에이치알,/zf_user/jobs/relay/view?view_type=search&rec_idx=40457847&location=ts&searchword=AZURE&searchType=search&paid_fl=n,정규직,서울 영등포구,채용시,경력5년↑ 초대졸↑,
345,브리스캔영어쏘시에이츠(주),/zf_user/jobs/relay/view?view_type=search&rec_idx=40461303&location=ts&searchword=AZURE&searchType=search&paid_fl=n,정규직,서울 강남구,~ 07/13(화),경력5년↑ 대졸↑,
346,(주)에스디티,/zf_user/jobs/relay/view?view_type=search&rec_idx=40505843&location=ts&searchword=AZURE&searchType=search&paid_fl=n,정규직,서울 강남구,~ 08/17(화),경력무관 학력무관,
347,주식회사 스타랩스,/zf_user/jobs/relay/view?view_type=search&rec_idx=40214975&location=ts&searchword=AZURE&searchType=search&paid_fl=n,정규직·프리랜서,서울 강남구,~ 07/10(토),경력무관 학력무관,
348,주식회사 스타랩스,/zf_user/jobs/relay/view?view_type=search&rec_idx=40334610&location=ts&searchword=AZURE&searchType=search&paid_fl=n,정규직,서울 강남구,~ 06/26(토),신입·경력 초대졸↑,
349,(주)테크데이타글로벌,/zf_user/jobs/relay/view?view_type=search&rec_idx=40384627&location=ts&searchword=AZURE&searchType=search&paid_fl=n,정규직,서울 강남구,~ 08/01(일),경력무관 초대졸↑,
350,(주)브레인커머스,/zf_user/jobs/relay/view?view_type=search&rec_idx=40431372&location=ts&searchword=AZURE&searchType=search&paid_fl=n,정규직,경기 성남시 분당구,채용시,경력 1~8년 대졸↑,
351,(주)브레인커머스,/zf_user/jobs/relay/view?view_type=search&rec_idx=40431381&location=ts&searchword=AZURE&searchType=search&paid_fl=n,정규직,경기 성남시 분당구,채용시,경력 2~8년 대졸↑,
352,(주)엠온아이앤씨,/zf_user/jobs/relay/view?view_type=search&rec_idx=40447056&location=ts&searchword=AZURE&searchType=search&paid_fl=n,정규직,서울 금천구,~ 08/09(월),경력무관 초대졸↑,"4,000~5,000"
353,잡스테이션코리아,/zf_user/jobs/relay/view?view_type=search&rec_idx=40463582&location=ts&searchword=AZURE&searchType=search&paid_fl=n,정규직,서울 성동구,채용시,경력3년↑ 초대졸↑,
354,(주)라인어스,/zf_user/jobs/relay/view?view_type=search&rec_idx=40493690&location=ts&searchword=AZURE&searchType=search&paid_fl=n,정규직,경기 성남시 수정구,채용시,경력 2~15년 대졸↑,
355,굿에이치알,/zf_user/jobs/relay/view?view_type=search&rec_idx=40503237&location=ts&searchword=AZURE&searchType=search&paid_fl=n,정규직,서울 서초구,채용시,경력3년↑ 학력무관,
356,(주)몬스터앤플레이,/zf_user/jobs/relay/view?view_type=search&rec_idx=40228892&location=ts&searchword=AZURE&searchType=search&paid_fl=n,정규직,서울 강남구,채용시,경력5년↑ 학력무관,
357,(주)딥바이오,/zf_user/jobs/relay/view?view_type=search&rec_idx=40151330&location=ts&searchword=AZURE&searchType=search&paid_fl=n,정규직·전문연구요원,서울 구로구,상시채용,경력무관 대졸↑,
358,쌤투쌤,/zf_user/jobs/relay/view?view_type=search&rec_idx=40396110&location=ts&searchword=AZURE&searchType=search&paid_fl=n,정규직,경기 안양시 동안구,~ 08/02(월),경력2년↑ 학력무관,
359,쌤투쌤,/zf_user/jobs/relay/view?view_type=search&rec_idx=40395998&location=ts&searchword=AZURE&searchType=search&paid_fl=n,정규직,경기 안양시 동안구,~ 08/02(월),경력2년↑ 학력무관,
360,피앤제이컨설팅,/zf_user/jobs/relay/view?view_type=search&rec_idx=40437111&location=ts&searchword=AZURE&searchType=search&paid_fl=n,정규직,서울 강남구,~ 06/23(수),경력 5~10년 학력무관,
361,(주)드림에이치알,/zf_user/jobs/relay/view?view_type=search&rec_idx=40457688&location=ts&searchword=AZURE&searchType=search&paid_fl=n,정규직,서울 서초구,~ 07/11(일),경력5년↑ 대졸↑,
362,주식회사 에스와이컴퍼니,/zf_user/jobs/relay/view?view_type=search&rec_idx=40494747&location=ts&searchword=AZURE&searchType=search&paid_fl=n,정규직,광주 광산구,~ 08/16(월),경력 학력무관,
363,(주)파인랩,/zf_user/jobs/relay/view?view_type=search&rec_idx=40110854&location=ts&searchword=AZURE&searchType=search&paid_fl=n,정규직,서울 강남구,채용시,경력2년↑ 대졸↑,
364,에이케이아이에스(주) 마포,/zf_user/jobs/relay/view?view_type=search&rec_idx=40223985&location=ts&searchword=AZURE&searchType=search&paid_fl=n,정규직,서울 강서구,채용시,경력 3~8년 초대졸↑,
365,(주)큐로드 부산지점,/zf_user/jobs/relay/view?view_type=search&rec_idx=40156617&location=ts&searchword=AZURE&searchType=search&paid_fl=n,정규직,부산 해운대구,채용시,경력3년↑ 학력무관,
366,Denave India Private Limited,/zf_user/jobs/relay/view?view_type=search&rec_idx=40329063&location=ts&searchword=AZURE&searchType=search&paid_fl=n,정규직,아시아·중동 인도,오늘마감,경력5년↑ 대졸↑,
367,(주)코어포인트,/zf_user/jobs/relay/view?view_type=search&rec_idx=40406651&location=ts&searchword=AZURE&searchType=search&paid_fl=n,정규직,경기 성남시 분당구,~ 07/05(월),경력5년↑ 대졸↑,
368,SMI,/zf_user/jobs/relay/view?view_type=search&rec_idx=40410032&location=ts&searchword=AZURE&searchType=search&paid_fl=n,정규직,서울 서초구,~ 07/07(수),경력3년↑ 대졸↑,
369,(주)바나나톡,/zf_user/jobs/relay/view?view_type=search&rec_idx=40425047&location=ts&searchword=AZURE&searchType=search&paid_fl=n,정규직,서울 강남구,~ 08/07(토),경력3년↑ 대졸↑,
370,(주)위메프오,/zf_user/jobs/relay/view?view_type=search&rec_idx=40438308&location=ts&searchword=AZURE&searchType=search&paid_fl=n,정규직,서울 강남구,~ 07/30(금),경력3년↑ 학력무관,
371,(주)브이비젼,/zf_user/jobs/relay/view?view_type=search&rec_idx=40442383&location=ts&searchword=AZURE&searchType=search&paid_fl=n,정규직,서울 강남구,~ 07/10(토),경력3년↑ 학력무관,
372,아이오아이소프트(주),/zf_user/jobs/relay/view?view_type=search&rec_idx=40441772&location=ts&searchword=AZURE&searchType=search&paid_fl=n,정규직,서울 강남구,~ 08/09(월),경력 4~10년 초대졸↑,
373,(주)브이비젼,/zf_user/jobs/relay/view?view_type=search&rec_idx=40442378&location=ts&searchword=AZURE&searchType=search&paid_fl=n,정규직,서울 강남구,~ 07/10(토),경력5년↑ 학력무관,
374,올탑수학학원,/zf_user/jobs/relay/view?view_type=search&rec_idx=40447640&location=ts&searchword=AZURE&searchType=search&paid_fl=n,정규직·전임,세종특별자치시,~ 08/09(월),경력무관 대졸↑,
375,탑커리어인사이트,/zf_user/jobs/relay/view?view_type=search&rec_idx=40474512&location=ts&searchword=AZURE&searchType=search&paid_fl=n,정규직,서울 종로구,~ 06/29(화),경력4년↑ 대졸↑,
376,올탑수학학원,/zf_user/jobs/relay/view?view_type=search&rec_idx=40470833&location=ts&searchword=AZURE&searchType=search&paid_fl=n,정규직·전임,세종특별자치시,~ 08/13(금),경력무관 대졸↑,
377,탑커리어인사이트,/zf_user/jobs/relay/view?view_type=search&rec_idx=40474517&location=ts&searchword=AZURE&searchType=search&paid_fl=n,정규직,서울 종로구,~ 06/29(화),경력4년↑ 대졸↑,
378,(주)피플케어코리아,/zf_user/jobs/relay/view?view_type=search&rec_idx=40478663&location=ts&searchword=AZURE&searchType=search&paid_fl=n,정규직,서울 강남구,채용시,경력3년↑ 대졸↑,
379,탑커리어인사이트,/zf_user/jobs/relay/view?view_type=search&rec_idx=40474514&location=ts&searchword=AZURE&searchType=search&paid_fl=n,정규직,서울 종로구,~ 06/29(화),경력4년↑ 대졸↑,
380,한국신용데이터,/zf_user/jobs/relay/view?view_type=search&rec_idx=40480791&location=ts&searchword=AZURE&searchType=search&paid_fl=n,정규직,서울 강남구,~ 08/14(토),경력5년↑ 학력무관,
381,한국신용데이터,/zf_user/jobs/relay/view?view_type=search&rec_idx=40479405&location=ts&searchword=AZURE&searchType=search&paid_fl=n,정규직,서울 강남구,~ 08/14(토),경력5년↑ 학력무관,
382,탑커리어인사이트,/zf_user/jobs/relay/view?view_type=search&rec_idx=40484940&location=ts&searchword=AZURE&searchType=search&paid_fl=n,정규직,서울 강남구,~ 06/25(금),경력 10~15년 대졸↑,
383,SMI,/zf_user/jobs/relay/view?view_type=search&rec_idx=40495027&location=ts&searchword=AZURE&searchType=search&paid_fl=n,정규직,서울 강남구,~ 07/17(토),경력3년↑ 초대졸↑,
384,SMI,/zf_user/jobs/relay/view?view_type=search&rec_idx=40502821&location=ts&searchword=AZURE&searchType=search&paid_fl=n,정규직,서울 구로구,~ 07/18(일),경력 3~10년 대졸↑,
385,에이치알포유(주),/zf_user/jobs/relay/view?view_type=search&rec_idx=40507528&location=ts&searchword=AZURE&searchType=search&paid_fl=n,정규직,서울 강남구,채용시,경력3년↑ 대졸↑,
386,에이치알포유(주),/zf_user/jobs/relay/view?view_type=search&rec_idx=40513118&location=ts&searchword=AZURE&searchType=search&paid_fl=n,정규직,서울 금천구,~ 06/25(금),경력3년↑ 대졸↑,
387,휴먼인써치,/zf_user/jobs/relay/view?view_type=search&rec_idx=40513655&location=ts&searchword=AZURE&searchType=search&paid_fl=n,정규직,서울 중구,채용시,경력 7~12년 초대졸↑,
388,(주)이크레모스,/zf_user/jobs/relay/view?view_type=search&rec_idx=40115377&location=ts&searchword=AZURE&searchType=search&paid_fl=n,정규직,서울 강남구,~ 06/26(토),경력3년↑ 학력무관,
389,(주)골든플래닛,/zf_user/jobs/relay/view?view_type=search&rec_idx=40134465&location=ts&searchword=AZURE&searchType=search&paid_fl=n,정규직,서울 강남구,~ 06/28(월),경력3년↑ 초대졸↑,
390,(주)원패밀리,/zf_user/jobs/relay/view?view_type=search&rec_idx=40302770&location=ts&searchword=AZURE&searchType=search&paid_fl=n,정규직,서울 강남구,~ 07/23(금),경력 3~7년 대졸↑,
391,베스트네트워크㈜,/zf_user/jobs/relay/view?view_type=search&rec_idx=40410867&location=ts&searchword=AZURE&searchType=search&paid_fl=n,정규직,서울 강남구,~ 07/07(수),경력3년↑ 학력무관,
392,베스트네트워크㈜,/zf_user/jobs/relay/view?view_type=search&rec_idx=40410862&location=ts&searchword=AZURE&searchType=search&paid_fl=n,정규직,서울 강남구,~ 07/07(수),경력3년↑ 학력무관,
393,(주)커리어앤스카우트,/zf_user/jobs/relay/view?view_type=search&rec_idx=40429068&location=ts&searchword=AZURE&searchType=search&paid_fl=n,정규직,서울 강남구,~ 07/08(목),경력 2~5년 대졸↑,
394,(주)커리어앤스카우트,/zf_user/jobs/relay/view?view_type=search&rec_idx=40429081&location=ts&searchword=AZURE&searchType=search&paid_fl=n,정규직,서울 강남구,~ 07/08(목),경력 2~5년 대졸↑,
395,(주)커리어앤스카우트,/zf_user/jobs/relay/view?view_type=search&rec_idx=40435491&location=ts&searchword=AZURE&searchType=search&paid_fl=n,정규직,서울 강남구,~ 07/09(금),경력 5~15년 대졸↑,
396,토니서치,/zf_user/jobs/relay/view?view_type=search&rec_idx=40462480&location=ts&searchword=AZURE&searchType=search&paid_fl=n,정규직,서울 강남구,~ 07/14(수),경력5년↑ 초대졸↑,
397,토니서치,/zf_user/jobs/relay/view?view_type=search&rec_idx=40462518&location=ts&searchword=AZURE&searchType=search&paid_fl=n,정규직,서울 강남구,~ 07/14(수),경력3년↑ 초대졸↑,
398,베스트네트워크㈜,/zf_user/jobs/relay/view?view_type=search&rec_idx=40468174&location=ts&searchword=AZURE&searchType=search&paid_fl=n,정규직,서울 강남구,채용시,경력3년↑ 학력무관,
399,에스피소프트,/zf_user/jobs/relay/view?view_type=search&rec_idx=40487022&location=ts&searchword=AZURE&searchType=search&paid_fl=n,정규직,경기 광명시,~ 07/16(금),경력 3~10년 학력무관,
400,(주)핀커스코리아,/zf_user/jobs/relay/view?view_type=search&rec_idx=40497728&location=ts&searchword=AZURE&searchType=search&paid_fl=n,정규직,서울 강남구,~ 06/24(목),경력5년↑ 학력무관,
401,(주)핀커스코리아,/zf_user/jobs/relay/view?view_type=search&rec_idx=40498159&location=ts&searchword=AZURE&searchType=search&paid_fl=n,정규직,서울 강남구,~ 06/24(목),경력4년↑ 대졸↑,
402,(주)아이디케이스퀘어드,/zf_user/jobs/relay/view?view_type=search&rec_idx=40508315&location=ts&searchword=AZURE&searchType=search&paid_fl=n,정규직,서울 중구,채용시,경력3년↑ 학력무관,
403,(주)고우아이티,/zf_user/jobs/relay/view?view_type=search&rec_idx=40103116&location=ts&searchword=AZURE&searchType=search&paid_fl=n,정규직,서울 성동구,~ 06/25(금),신입·경력 초대졸↑,
404,(주)웹타임,/zf_user/jobs/relay/view?view_type=search&rec_idx=40410604&location=ts&searchword=AZURE&searchType=search&paid_fl=n,프리랜서,서울 강남구,~ 08/06(금),경력3년↑ 학력무관,
